ID,Name,AI Type,Category,Strategic Theme,Solution,Solution Description (2025 Aligned)
UC01,FrontLine - Partnership Banking,Embedded/Vendor AI,Customer & Relationship Management,Customer Experience,"AI-powered relationship management platform integrating LLM with CRM systems and data sources. Solution includes: 1) RAG (Retrieval Augmented Generation) for customer insights synthesis, 2) Predictive analytics for next best actions, 3) GenAI for meeting prep and communication drafting, 4) Real-time alerts using ML models for relationship health monitoring.","2025 AI-Powered Relationship Platform: Implements Self-Reflective RAG (PT-005) over customer data, meeting notes, and account plans with hybrid search and reranking. Deploys Agentic AI (PT-007) for autonomous meeting preparation with tool orchestration across CRM, Core Banking, and Analytics APIs. Uses Multi-Model Routing (PT-006) to optimize LLM selection (GPT-4 for complex analysis, Claude for reasoning, Llama for simple tasks). Integrates Feature Store (PT-003) for real-time customer behavioral features. Governed by Enterprise AI Governance Platform (PT-001) with full audit trails. Expected: 2-3x increase in qualified leads (McKinsey benchmark)."
UC02,Finance,Generative AI,Finance & Accounting,Operational Efficiency,"AI augmented  financial reporting. Components include: 1) Access to data products and data models by AI agents, 2) GenAI for narrative generation and variance explanations, 3) Anomaly detection ML models for data quality checks, 4) Automated report generation with natural language summaries, 5) Integration with Power BI for visualization.","2025 Multi-Agent Financial Reporting Platform: Deploys Multi-Agent Orchestration (PT-008) with specialized agents: [Data Agent] for data product access, [Reconciliation Agent] for automated matching, [Reporting Agent] for narrative generation. Implements Agentic AI (PT-007) for autonomous end-to-end report creation. Uses Batch Prediction (PT-014) for anomaly detection and forecasting. Integrates with Data Mesh (PT-012) for domain-oriented data product consumption. Multi-Model Routing (PT-006) for cost-optimized LLM usage. Full MLOps Level 2+ (PT-002) governance with automated lineage tracking. Expected: 80-90% automation of routine financial reporting."
UC03,Analytics and Reporting,Generative AI,Data & Analytics,Data-Driven Decisions,"AI-augmented analytics leveraging Snowflake with: 1) Natural language query interface (NLQ) using LLMs for conversational analytics, 2) Predictive ML models (time series forecasting, classification), 3) AutoML for citizen data scientists, 4) GenAI for automated insight generation and narrative explanations, 5) Semantic layer for unified data access, 6) Integration with Fivetran for data ingestion.","2025 Conversational Analytics Platform: Implements Conversational AI (PT-013) for natural language query interface with multi-turn context management. Uses Self-Reflective RAG (PT-005) over semantic layer and metadata catalog for intelligent query generation. Batch Prediction (PT-014) for scheduled forecasting and classification models. Data Mesh (PT-012) integration for domain data product discovery and consumption. Multi-Model Routing (PT-006) for optimal model selection per query complexity. Stream Processing (PT-016) for real-time dashboard updates. Enterprise AI Governance (PT-001) with query audit trails. Expected: 87% reduction in time-to-insight."
UC04,Credit Risk,ML/AI,Risk Management,Risk & Compliance,"AI-driven credit decisioning platform with: 1) Advanced ML models for credit scoring and probability of default, 2) Alternative data analytics for enhanced risk assessment, 3) GenAI for credit narrative generation and explanation, 4) Real-time monitoring using streaming analytics, 5) Ensemble models for portfolio risk aggregation, 6) Explainable AI for regulatory compliance and transparency.","2025 Tier 1 Credit Decisioning Platform (REGULATORY): Real-Time Scoring (PT-009) with <1s latency for instant credit decisions. MANDATORY Explainability (PT-004) using SHAP/LIME for all predictions with counterfactual generation. Feature Store (PT-003) dual-store architecture for consistent training/serving features. Champion/Challenger (PT-010) for continuous model improvement with statistical significance testing. Self-Reflective RAG (PT-005) over credit policies for narrative generation. Stream Processing (PT-016) for real-time feature computation. MLOps Level 2+ (PT-002) with full governance, bias detection, and regulatory compliance validation. 7+ year audit trail via Enterprise AI Governance (PT-001). Expected: Sub-second decisions with 100% explainability for RBNZ compliance."
UC05,Lending Ops,Document AI,Lending & Credit Operations,Operational Efficiency,"Intelligent document processing solution using: 1) OCR for data extraction, 2) NLP models for document classification and entity recognition, 3) ML validation models for data accuracy and completeness checks, 4) GenAI for document summarization and compliance narrative generation, 5) RPA integration for workflow automation, 6) Human-in-the-loop for exception handling","2025 Intelligent Document Processing Platform: Implements IDP Pattern (PT-011) with ensemble OCR (AWS Textract + Azure Document Intelligence), NLP extraction, and confidence-based routing. Self-Reflective RAG (PT-005) over loan policies and underwriting guidelines for compliance validation. Agentic AI (PT-007) for autonomous document workflow orchestration. Human-in-the-Loop for <90% confidence extractions. Document forensics for forgery detection. Enterprise AI Governance (PT-001) with full audit trails. Security & Privacy (PT-018) for PII detection and masking. Expected: 70% faster loan approvals, 99% extraction accuracy, 3-4x throughput with same staff."
UC06,HyperPersonalization,Generative AI,Marketing & Personalization,Customer Experience,"Real-time personalization engine with: 1) Customer data platform as source of unified customer view, 2) ML recommendation models (collaborative filtering, deep learning) for next best offer, 3) GenAI for personalized content creation at scale, 4) Real-time decisioning engine for dynamic offers, 5) Multi-armed bandit algorithms for offer optimization, 6) Journey orchestration platform integration, 7) A/B testing framework for continuous improvement.","2025 Real-Time Personalization Engine: Real-Time Scoring (PT-009) with <500ms latency for dynamic offer decisioning. Feature Store (PT-003) for unified customer behavioral features across channels. Event-Driven Architecture (PT-015) reacting to user events in real-time. Stream Processing (PT-016) for real-time feature aggregation. Multi-Model Routing (PT-006) for GenAI content personalization. Champion/Challenger (PT-010) for multi-armed bandit offer optimization. Explainability (PT-004) for fairness testing across demographics. MLOps Level 2+ (PT-002) with automated drift detection and retraining. Expected: 30-40% improvement in conversion rates, real-time offer optimization."
UC07,Contact Centre,Embedded/Vendor AI,Customer Service & Support,Customer Experience,"AI-powered contact center solution with: 1) Conversational AI virtual agents for tier-1 support automation, 2) Real-time agent assist using LLMs with RAG over knowledge base, 3) NLP for intent classification and sentiment analysis, 4) Speech-to-text transcription and analytics, 5) ML models for intelligent routing and queue optimization, 6) Quality monitoring using AI for compliance and coaching, 7) Integration with CRM and telephony platforms.","2025 AI-Powered Contact Centre Platform: Conversational AI (PT-013) with multi-channel support (voice, chat, messaging) and context-aware handoff. Self-Reflective RAG (PT-005) over product knowledge base, FAQs, and policies with hybrid search. Multi-Model Routing (PT-006) for optimal LLM selection per query type. Agentic AI (PT-007) for complex multi-step customer requests. Real-time sentiment analysis for escalation triggers. Enterprise AI Governance (PT-001) for quality monitoring and compliance. Observability (PT-017) for containment rate and customer satisfaction tracking. Expected: 20%+ service requests handled fully by AI, 87% reduction in resolution times."
UC08,Security AI,ML/AI,Cybersecurity & Threat Detection,Risk & Compliance,"AI-driven security operations platform with: 1) ML-based user and entity behavioranalytics for anomaly detection, 2) Deep learning models for threat pattern recognition and zero-day detection, 3) Integration with SIEM  for log correlation, 4) Automated threat intelligence enrichment, 5) AI-powered Security Orchestration, Automation and Response (SOAR), 6) Network traffic analysis using AI, 7) GenAI for security report generation and incident summarization.","2025 AI-Driven Security Operations Platform: Real-Time Scoring (PT-009) with <1s threat detection latency. Event-Driven Architecture (PT-015) processing security events in real-time. Stream Processing (PT-016) for behavioral analytics and pattern detection. Feature Store (PT-003) for threat indicator features. Explainability (PT-004) for alert explanations to SOC analysts. Security & Privacy (PT-018) for adversarial attack protection and model security. Multi-Model Routing (PT-006) for GenAI report generation. Observability (PT-017) for threat monitoring dashboards. MLOps Level 2+ (PT-002) with automated retraining on new threat patterns. Expected: Real-time threat detection, 50% reduction in false positives."
UC09,Data Products,Generative AI,Data & Analytics,Data-Driven Decisions,"AI-accelerated data product platform with: 1) GenAI for automated data model and pipeline code generation from business requirements, 2) ML-powered data quality profiling and validation, 3) Automated documentation generation using LLMs, 4) Semantic search over data catalog for discovery, 5) GenAI for data contract and API specification generation, 6) Metadata management with AI-driven tagging and classification, 7) DataOps automation with CI/CD pipelines.","2025 Data Mesh Platform (FOUNDATIONAL): Implements Data Mesh (PT-012) with domain-oriented data products, self-serve infrastructure, and federated governance. Feature Store (PT-003) integration for ML feature data products. Multi-Model Routing (PT-006) for GenAI code/documentation generation. Self-Reflective RAG (PT-005) for semantic search over data catalog. Enterprise AI Governance (PT-001) for data product SLA monitoring and compliance. Observability (PT-017) for data product health dashboards. Security & Privacy (PT-018) for PII classification and access control. Expected: Foundation enabling all 24 use cases via standardized data products."
UC10,SDLC,Code AI,Software Development & Engineering,Operational Efficiency,"AI-powered development platform featuring: 1) GitHub Copilot (or equivalent) for code generation and completion, 2) AI code review tools for quality and security analysis, 3) Automated test generation using GenAI, 4) Documentation generation from code and comments, 5) AI-assisted debugging and root cause analysis, 6) Automated dependency management and vulnerability scanning, 7) GenAI for user story elaboration and acceptance criteria generation.","2025 Multi-Agent Software Development Platform: Multi-Agent Orchestration (PT-008) with specialized agents: [Code Review Agent], [Testing Agent], [Security Agent], [Documentation Agent]. Agentic AI (PT-007) for autonomous code generation, review, and testing workflows. Multi-Model Routing (PT-006) for optimal model per task (GPT-4 for code, Claude for review, Llama for simple operations). Enterprise AI Governance (PT-001) for code security and compliance validation. Observability (PT-017) for developer productivity metrics. Expected: 30-50% reduction in development time, automated test generation and security scanning."
UC11,Fincrime,ML/AI,Compliance & Financial Crime,Risk & Compliance,"AI-powered Anti-Money Laundering (AML) / Know Your Customer (KYC) platform with: 1) Advanced name matching algorithms using fuzzy logic and ML, 2) NLP for adverse media screening and analysis, 3) GenAI for Ongoing Customer Due Diligence (OCDD) / Enhanced Customer Due Diligence (ECDD) narrative generation and Suspicious Activity Report (SAR) writing, 4) ML models for transaction monitoring and pattern detection, 5) Network analysis for beneficial ownership mapping, 6) Risk scoring models using ensemble learning, 7) Integration with sanctions databases and regulatory reporting systems.","2025 Tier 1 AML/KYC Platform (REGULATORY): Real-Time Scoring (PT-009) for transaction monitoring with sub-second detection. MANDATORY Explainability (PT-004) for all AML alerts with regulatory-grade explanations. Feature Store (PT-003) for transaction pattern features and customer risk indicators. Champion/Challenger (PT-010) for continuous model improvement. MLOps Level 2+ (PT-002) with full governance, bias detection, and AML compliance validation. Enterprise AI Governance (PT-001) with Tier 1 approval workflows and 7+ year audit trails. Multi-Model Routing (PT-006) for SAR narrative generation. Security & Privacy (PT-018) for data protection. Expected: 50% reduction in false positives, automated SAR generation, full regulatory compliance."
UC12,QA/QC,ML/AI,Quality Assurance & Compliance,Operational Efficiency,"Automated QA platform with: 1) ML models for anomaly and error pattern detection, 2) Rule-based validation engine with AI-enhanced rule generation, 3) Risk scoring algorithms for case prioritization, 4) GenAI for audit report generation and recommendations, 5) Data quality profiling with statistical analysis, 6) Real-time monitoring and alerting system, 7) Integration with regulatory compliance frameworks and data lineage tools.","2025 Automated Quality Assurance Platform: Intelligent Document Processing (PT-011) for document quality validation. Multi-Model Routing (PT-006) for GenAI audit report generation. Agentic AI (PT-007) for autonomous quality assessment workflows. Batch Prediction (PT-014) for scheduled quality scoring and anomaly detection. Observability (PT-017) for real-time quality monitoring dashboards. Enterprise AI Governance (PT-001) for compliance validation and audit trails. Data Mesh (PT-012) integration for data lineage tracking. Expected: 40% reduction in manual QA effort, real-time quality monitoring."
UC13,Fraud Ops,ML/AI,Fraud Detection & Prevention,Risk & Compliance,"AI-powered fraud investigation platform with: 1) ML models for fraud detection and risk scoring, 2) GenAI for automated case summarization and evidence synthesis from multiple systems, 3) Graph analytics for relationship and pattern detection, 4) NLP for unstructured data analysis, 5) Real-time transaction monitoring, 6) Case management integration with automated evidence gathering, 7) Behavioral biometrics and device fingerprinting.","2025 Tier 1 Fraud Detection Platform (REGULATORY): Real-Time Scoring (PT-009) with 200-300ms fraud decisioning. MANDATORY Explainability (PT-004) for fraud alert explanations to investigators. Feature Store (PT-003) with 30+ transaction features and behavioral indicators. Event-Driven Architecture (PT-015) for real-time transaction event processing. Champion/Challenger (PT-010) for continuous fraud model improvement. MLOps Level 2+ (PT-002) with full governance and model validation. Enterprise AI Governance (PT-001) with Tier 1 controls and audit trails. Multi-Model Routing (PT-006) for case summarization. Expected: Real-time fraud detection, 50% improvement in fraud detection rate."
UC14,Onboarding,Document AI,Customer Onboarding & KYC,Customer Experience,"Automated Know Your Customer (KYC) / onboarding platform with: 1) AI-powered ID verification using computer vision and liveness detection, 2) OCR and document classification for KYC document processing, 3) ML-based risk assessment models for customer profiling, 4) Integration with Fenergo/Fenx and Pega for workflow automation, 5) Sanctions and PEP screening using NLP, 6) Biometric authentication for identity verification, 7) Automated compliance validation and audit trail generation.","2025 Automated KYC/Onboarding Platform: Intelligent Document Processing (PT-011) with ensemble OCR, liveness detection, and document forensics. Conversational AI (PT-013) for guided onboarding experience. Explainability (PT-004) for identity verification decision explanations. Feature Store (PT-003) for customer risk profiling features. Real-Time Scoring (PT-009) for instant risk assessment. MLOps Level 2+ (PT-002) with bias detection and compliance validation. Enterprise AI Governance (PT-001) with full audit trails for regulatory compliance. Security & Privacy (PT-018) for biometric data protection. Expected: <5 minute onboarding vs 2-3 days, 99% document accuracy."
UC15,Risk Functions,ML/AI,Risk Management,Risk & Compliance,"Enterprise risk management platform with: 1) ML models for operational risk event prediction and loss forecasting, 2) Simulation for market and liquidity risk stress testing, 3) Anomaly detection algorithms for control effectiveness monitoring, 4) GenAI for risk narrative generation and regulatory report writing, 5) Real-time risk dashboard with predictive KRIs, 6) Network analysis for interconnected risk identification, 7) Integration with Governance, Risk, and Compliance (GRC) platforms for unified risk view.","2025 Enterprise Risk Management Platform: Batch Prediction (PT-014) for scheduled risk assessments, stress testing, and loss forecasting. Feature Store (PT-003) for risk indicator features across domains. Explainability (PT-004) for risk model explanations to regulators. MLOps Level 2+ (PT-002) with full governance for regulatory models. Enterprise AI Governance (PT-001) with Tier 2 approval workflows. Multi-Model Routing (PT-006) for GenAI regulatory narrative generation. Observability (PT-017) for real-time KRI dashboards. Data Mesh (PT-012) integration for cross-domain risk data. Expected: Automated regulatory reporting, real-time risk visibility."
UC16,IT Ops,AIOps,IT Operations & Service Management,Operational Efficiency,"AIOps platform with: 1) NLP for automated ticket classification and intent detection, 2) ML-based intelligent routing using skill matching algorithms, 3) Similarity analysis for finding related incidents and solutions, 4) GenAI for automated response generation using knowledge base RAG, 5) Predictive analytics for SLA breach prevention, 6) RPA for automated resolution of common incidents, 7) Integration with ITSM (ServiceNow) and monitoring tools.","2025 AIOps Platform: Batch Prediction (PT-014) for daily system health predictions and SLA breach forecasting. Event-Driven Architecture (PT-015) for real-time incident event processing. Self-Reflective RAG (PT-005) for knowledge base retrieval and solution recommendation. Agentic AI (PT-007) for autonomous incident resolution workflows. Multi-Model Routing (PT-006) for GenAI response generation. Observability (PT-017) for unified IT monitoring dashboards. Enterprise AI Governance (PT-001) for change management compliance. Expected: 30-40% reduction in MTTR, predictive SLA breach prevention."
UC17,FrontLine - CIB,Generative AI,Customer & Relationship Management,Customer Experience,"Corporate and Investment Banking (CIB) relationship platform with: 1) LLM-powered corporate intelligence synthesis from financial statements and market data, 2) ML models for deal opportunity identification and pipeline forecasting, 3) GenAI for client briefing and sector report generation, 4) Network analysis for relationship mapping across corporate hierarchies, 5) Competitive intelligence dashboard with sentiment analysis, 6) RAG-based knowledge retrieval for relationship history, 7) Integration with CRM and deal management systems.","2025 CIB Intelligence Platform: Self-Reflective RAG (PT-005) over financial statements, market data, and corporate research with hybrid search. Agentic AI (PT-007) for autonomous client briefing preparation with multi-tool orchestration. Multi-Model Routing (PT-006) for cost-optimized LLM selection per task. Feature Store (PT-003) for corporate client features and deal pipeline indicators. Batch Prediction (PT-014) for deal forecasting models. Enterprise AI Governance (PT-001) with full audit trails. Observability (PT-017) for relationship health metrics. Expected: 2-3x productivity gains in client preparation, automated sector report generation."
UC18,Procurement,Multi-Agent AI,Procurement & Supply Chain,Operational Efficiency,"Multi-agent procurement platform with: 1) Agentic AI orchestration for end-to-end procurement workflow automation, 2) ML models for spend analysis and sourcing optimization, 3) NLP for contract analysis and clause extraction, 4) GenAI for RFP generation and supplier communications, 5) Supplier risk scoring using predictive models, 6) OCR and automated invoice matching (3-way match), 7) Real-time spend analytics dashboard, 8) Integration with ERP and P2P systems.","2025 Multi-Agent Procurement Platform: Multi-Agent Orchestration (PT-008) with specialized agents: [Sourcing Agent], [Risk Agent], [Negotiation Agent], [Contract Agent]. Agentic AI (PT-007) for autonomous end-to-end procurement workflows. Intelligent Document Processing (PT-011) for contract analysis and invoice matching. Multi-Model Routing (PT-006) for GenAI RFP and communication generation. Feature Store (PT-003) for supplier risk features. Enterprise AI Governance (PT-001) for procurement compliance. Observability (PT-017) for spend analytics dashboards. Expected: 40-50% reduction in procurement cycle time, autonomous vendor evaluation."
UC19,Payment Disputes,ML/AI,Payments & Dispute Resolution,Customer Experience,"Automated dispute resolution platform with: 1) ML classifiers for dispute type identification (commercial vs fraud), 2) Rule-based decisioning engine for validity assessment aligned with card scheme rules, 3) RPA for automated evidence gathering and chargeback filing, 4) GenAI for dispute response generation and customer communication, 5) Predictive models for outcome forecasting, 6) Case management workflow automation, 7) Integration with card networks and core banking systems.","2025 Automated Dispute Resolution Platform: Real-Time Scoring (PT-009) for instant dispute risk assessment on payment events. Feature Store (PT-003) for transaction and customer dispute history features. Event-Driven Architecture (PT-015) for real-time payment event processing. Explainability (PT-004) for dispute decision explanations. Multi-Model Routing (PT-006) for GenAI customer communication. MLOps Level 2+ (PT-002) with model governance and validation. Enterprise AI Governance (PT-001) for compliance with card scheme rules. Agentic AI (PT-007) for autonomous evidence gathering. Expected: 50% reduction in dispute resolution time, automated chargeback filing."
UC20,Controls Testing,ML/AI,Audit & Controls Testing,Risk & Compliance,"Continuous controls monitoring platform with: 1) RPA for automated test execution across IT and business controls, 2) ML models for anomaly detection in control performance and transaction patterns, 3) Risk-based sampling algorithms for test selection optimization, 4) GenAI for test script generation from control descriptions, 5) Automated evidence collection and documentation, 6) Dashboard for real-time control effectiveness monitoring, 7) Integration with GRC systems and audit management platforms.","2025 Multi-Agent Controls Testing Platform: Multi-Agent Orchestration (PT-008) with specialized agents: [Test Design Agent], [Execution Agent], [Evidence Agent], [Report Agent]. Agentic AI (PT-007) for autonomous test execution and evidence collection. Intelligent Document Processing (PT-011) for evidence document analysis. Batch Prediction (PT-014) for risk-based sampling and anomaly detection. Multi-Model Routing (PT-006) for GenAI test script generation. Enterprise AI Governance (PT-001) for GRC integration and audit compliance. Observability (PT-017) for real-time control effectiveness dashboards. Expected: 60% reduction in manual testing effort, continuous controls monitoring."
UC21,Wholesale Underwriting,ML/AI,Lending & Credit Operations,Operational Efficiency,"End-to-end underwriting platform with: 1) AI-powered financial spreading and data extraction from unstructured documents, 2) ML models for credit rating calculation and PD/LGD estimation, 3) GenAI for credit memo generation and financial analysis narratives, 4) Real-time covenant monitoring using NLP on financial statements, 5) Workflow automation for deal approval process, 6) Pricing optimization models using market data and risk metrics, 7) Portfolio analytics dashboard with stress testing capabilities.","2025 Tier 1 Wholesale Underwriting Platform (REGULATORY): Intelligent Document Processing (PT-011) for financial statement extraction and spreading. Self-Reflective RAG (PT-005) over underwriting policies and credit memos. MANDATORY Explainability (PT-004) for credit decision explanations. Real-Time Scoring (PT-009) for instant credit rating calculation. Feature Store (PT-003) for corporate credit features and covenant indicators. Champion/Challenger (PT-010) for model validation. MLOps Level 2+ (PT-002) with Tier 1 governance and compliance. Enterprise AI Governance (PT-001) with full approval workflows. Expected: 50% reduction in underwriting time, 100% explainable credit decisions."
UC22,Learning Content,Generative AI,Learning & Development,Operational Efficiency,"AI-powered learning content platform with: 1) GenAI for automated lesson and quiz generation from source materials, 2) NLP for content summarization and key concept extraction, 3) ML recommendation engines for personalized learning path creation, 4) Automated assessment generation with adaptive difficulty, 5) Text-to-video/image generation for visual content, 6) Learner analytics for content effectiveness optimization, 7) Integration with LMS platforms for seamless delivery.","2025 AI-Powered Learning Platform: Self-Reflective RAG (PT-005) over training materials and compliance documentation for content retrieval. Multi-Model Routing (PT-006) for cost-optimized content generation across different modalities. Agentic AI (PT-007) for autonomous curriculum design and assessment generation. Batch Prediction (PT-014) for learner performance prediction and personalization. Feature Store (PT-003) for learner profile and engagement features. Enterprise AI Governance (PT-001) for content compliance validation. Observability (PT-017) for learning effectiveness analytics. Expected: 80% reduction in content creation time, personalized learning paths."
UC23,Collection Management,ML/AI,Collections & Recovery,Operational Efficiency,"AI-driven collections platform with: 1) ML models for payment propensity scoring and default prediction, 2) Optimization algorithms for account prioritization and resource allocation, 3) Reinforcement learning for contact strategy optimization, 4) GenAI for personalized communication generation, 5) Predictive models for optimal settlement offer calculation, 6) Customer segmentation using clustering algorithms, 7) Integration with debt management systems and communication channels","2025 AI-Driven Collections Platform: Intelligent Document Processing (PT-011) for debtor document processing. Batch Prediction (PT-014) for payment propensity scoring and default prediction. Feature Store (PT-003) for customer payment behavior features. Real-Time Scoring (PT-009) for dynamic prioritization. Multi-Model Routing (PT-006) for GenAI personalized communication. MLOps Level 2+ (PT-002) with model governance. Enterprise AI Governance (PT-001) for compliance with debt collection regulations. Observability (PT-017) for collection performance dashboards. Expected: 20-30% improvement in collection rates, optimized contact strategies."
UC24,Front-end App Personalisation,Generative AI,Marketing & Personalization,Customer Experience,"Mobile-first personalization platform with: 1) GenAI for automated campaign strategy generation based on micro-segment analysis, 2) LLM-powered content variant creation for different personas and segments, 3) Computer vision and GenAI for image recommendation and generation, 4) Real-time personalization engine with contextual triggers, 5) A/B testing framework with ML-based variant optimization, 6) Deep learning recommendation models for product suggestions, 7) Integration with mobile app SDK and CDP for seamless delivery","2025 Real-Time Mobile Personalization Platform: Real-Time Scoring (PT-009) with <500ms UI personalization. Event-Driven Architecture (PT-015) for real-time user event processing. Stream Processing (PT-016) for real-time behavioral aggregation. Feature Store (PT-003) for user interaction and preference features. Multi-Model Routing (PT-006) for GenAI content variant generation. Champion/Challenger (PT-010) for A/B testing with statistical optimization. MLOps Level 2+ (PT-002) with automated drift detection. Enterprise AI Governance (PT-001) for personalization compliance. Expected: 40% improvement in app engagement, real-time contextual personalization."
