id,name,component id,component name,ABB description,candidate SBBs,Primary Pattern ID,Primary Pattern Name,2025 Enhancement
285,3-way Match Logic,121,OCR Invoice Matching,Three-way matching logic (PO/Receipt/Invoice),"SAP 3-way Match, Custom Match Logic",PT-011,Intelligent Document Processing (IDP),IDP with automated 3-way matching and confidence-based exception routing. 99% accuracy.
79,A/B Testing,35,Multi-Armed Bandit Algorithm,A/B testing platform for experimentation,"Optimizely, VWO, LaunchDarkly, Custom A/B Testing",PT-010,Champion/Challenger Testing Pattern,Champion/Challenger with statistical significance testing (p<0.05). Multi-armed bandit optimization.
344,Adaptive Learning,148,Adaptive Assessment Generation,Adaptive learning algorithms,"IRT Models, Custom Adaptive Algorithms",PT-007,Agentic AI Pattern,Agentic AI for autonomous curriculum design with adaptive difficulty based on learner performance.
14,Agent Framework,5,Agentic AI for Partnership Banking,Framework for building and orchestrating autonomous AI agents,"LangGraph, AutoGen, CrewAI, Microsoft Semantic Kernel",PT-007,Agentic AI Pattern,2025 Agentic AI with planning/reflection modules. Tool orchestration. Memory (short-term/long-term). 61% adoption rate.
272,Agent Framework,116,Agentic AI Orchestration,Multi-agent orchestration framework,"LangGraph, AutoGen, CrewAI",PT-008,Multi-Agent Orchestration,Multi-Agent Orchestration with specialized agents. Sequential/parallel/hierarchical patterns. Gartner: 33% of software by 2028.
92,Agent Interface,39,Agent Assist with RAG,User interface for agent-assisted interactions,"Custom Agent Desktop, Genesys Agent Desktop, Nice CXone",PT-013,Conversational AI Pattern,Conversational AI agent desktop with real-time RAG assistance. Context-aware suggestions.
18,Alert Engine,9,Anomaly Detection ML,System for generating and routing alerts,"Azure Monitor, AWS CloudWatch, PagerDuty, Opsgenie",PT-017,Observability and Monitoring Pattern,Observability alerting with drift detection. Automated thresholds. PagerDuty/Slack integration.
190,Alert Engine,79,Real-time Monitoring System,Alert generation and routing system,"PagerDuty, Opsgenie, Azure Monitor Alerts",PT-017,Observability and Monitoring Pattern,Real-time observability alerts with severity-based routing and automated escalation.
167,Alert Generation,70,ML Transaction Monitoring,Alert generation from monitoring rules and ML,"FICO Alert Generation, Custom Alert System",PT-009,Real-Time ML Scoring Pattern,Real-time transaction alerts with sub-second detection. Feature Store integration.
6,Analytics Platform,2,Predictive Analytics Engine,Comprehensive platform for data analytics and BI,"Snowflake, Power BI, Databricks",PT-014,Batch Prediction Pattern,Batch analytics with MLOps Level 2+ governance. Feature Store integration for consistent features.
177,Anomaly Detection,74,ML Anomaly Detection,ML-based anomaly detection algorithms,"Azure Anomaly Detector, AWS Lookout, Custom ML Models",PT-014,Batch Prediction Pattern,Batch anomaly detection with scheduled profiling. Observability (PT-017) dashboard integration.
13,API Gateway,7,AI Agent Data Access,Central entry point for API management and routing,"Azure API Management, AWS API Gateway, Kong, Apigee",PT-001,Enterprise AI Governance Platform,Governance API Gateway with rate limiting, authentication, and audit logging. AI request tracking.
136,API Spec Generation,57,GenAI Data Contracts,Automated API specification generation,"OpenAPI Generator, Custom LLM-based Generator",PT-012,Data Mesh Pattern,Data Mesh API contracts with automated OpenAPI spec generation. SLA and quality standards.
385,App Integration,165,Mobile SDK Integration,Mobile app integration layer,"Custom Mobile Integration, Firebase",PT-015,Event-Driven Architecture,Event-driven mobile integration with Stream Processing (PT-016) for real-time behavioral events.
331,Approval Process,142,Deal Approval Workflow,Deal approval workflow automation,"Custom Workflow, Pega, ServiceNow",PT-001,Enterprise AI Governance Platform,Governance Tier 1 approval workflows with multi-level gates. Full audit trails.
343,Assessment Engine,148,Adaptive Assessment Generation,Adaptive assessment platform,"Custom Assessment Engine, LMS Assessment",PT-007,Agentic AI Pattern,Agentic AI for autonomous assessment generation with adaptive difficulty algorithms.
96,Audio Processing,41,Speech-to-Text,Audio processing and enhancement pipeline,"Azure Speech Services, Custom Audio Processing",PT-013,Conversational AI Pattern,Voice-first Conversational AI with real-time audio processing and transcription.
319,Audit Integration,137,GRC System Integration,Integration with audit systems,"ServiceNow GRC, SAP GRC, Custom Integration",PT-001,Enterprise AI Governance Platform,Governance integration with GRC. Full audit compliance and evidence management.
225,Audit Logging,94,Compliance Validation Automation,Comprehensive audit logging service,"Azure Monitor, Splunk, Custom Audit Log",PT-001,Enterprise AI Governance Platform,MANDATORY audit logging with 7+ year retention. Immutable logs for regulatory compliance.
185,Audit Templates,77,GenAI Audit Reports,Pre-built templates for audit reporting,"Custom Audit Templates, Internal Audit Templates",PT-006,Multi-Model Routing,Multi-Model Routing for audit report generation with compliance templates.
316,Audit Trail,135,Automated Evidence Collection,Audit trail generation and management,"Azure Monitor, Custom Audit Log",PT-001,Enterprise AI Governance Platform,Governance audit trail with complete evidence chain. 7+ year retention.
222,Authentication,93,Biometric Authentication,Multi-factor authentication service,"Azure Entra ID, Auth0, Okta",PT-018,Security and Privacy Pattern,Security & Privacy with Zero Trust authentication. MFA and biometric verification.
131,Auto-generation,55,GenAI Documentation,Automated documentation generation from code,"Sphinx, Doxygen, Custom LLM-based Generator",PT-005,Retrieval-Augmented Generation (Self-Reflective RAG),Self-Reflective RAG for semantic documentation search. Automated generation from metadata.
119,Automation Engine,49,AI-powered SOAR,Automation engine for security operations,"Microsoft Sentinel Playbooks, XSOAR Playbooks, Custom Automation",PT-007,Agentic AI Pattern,Agentic AI for autonomous security response. Tool orchestration for SOAR playbooks.
28,AutoML Framework,15,AutoML Platform,Automated machine learning framework,"Azure AutoML, AWS AutoGluon, H2O AutoML, DataRobot",PT-002,MLOps Level 2+ with Governance,MLOps Level 2+ with AutoML governance. Automated training with explainability and bias detection.
137,Auto-tagging,58,AI Metadata Management,Automated metadata tagging using ML,"Azure Purview, AWS Glue, Custom ML Tagger",PT-012,Data Mesh Pattern,Data Mesh metadata with AI-driven tagging. Data product catalog integration.
303,Banking Integration,130,Card Network Integration,Integration with core banking,"Core Banking API, Custom Integration",PT-015,Event-Driven Architecture,Event-driven core banking integration with real-time transaction events.
208,Behavior Profiling,87,Behavioral Biometrics,User behavior profiling and modeling,"BioCatch, Custom Behavior Profiling",PT-003,Feature Store (Dual-Store),Feature Store for behavioral features. Real-time profiling with <10ms retrieval.
108,Behavioral Analysis,45,User & Entity Behavior Analytics (UEBA),ML-based behavioral analysis for anomaly detection,"Custom Behavioral Models, Microsoft Sentinel, Splunk",PT-009,Real-Time ML Scoring Pattern,Real-time UEBA with <1s threat detection. Stream Processing for behavioral patterns.
21,BI Connector,11,BI Visualization Integration,Connectors for BI platform integration,"Power BI Connector, Tableau Connector, ODBC/JDBC Drivers",PT-017,Observability and Monitoring Pattern,Observability BI connectors for real-time dashboard visualization.
206,Biometric Analysis,87,Behavioral Biometrics,Behavioral biometrics analysis,"BioCatch, Plurilock, Custom Behavioral Analysis",PT-018,Security and Privacy Pattern,Security & Privacy biometric protection. GDPR and Privacy Act 2020 compliance.
221,Biometric Service,93,Biometric Authentication,Biometric authentication service,"Azure Entra ID Biometrics, Auth0 Biometrics, Custom Service",PT-018,Security and Privacy Pattern,Security & Privacy biometric service with liveness detection. Privacy-preserving.
251,Breach Prevention,106,Predictive SLA Analytics,Proactive SLA breach prevention,"ServiceNow, Custom Prevention System",PT-014,Batch Prediction Pattern,Batch prediction for SLA breach forecasting with proactive alerting.
263,Briefing Templates,111,GenAI Client Briefings,Templates for client briefings,"Custom Briefing Templates, Presentation Templates",PT-007,Agentic AI Pattern,Agentic AI autonomous briefing preparation with multi-tool research synthesis.
34,Business Glossary,17,Semantic Layer,Centralized repository of business terms,"Azure Purview Glossary, Collibra Glossary, Custom Business Glossary",PT-012,Data Mesh Pattern,Data Mesh business glossary with federated governance and central standards.
83,Campaign Management,36,Journey Orchestration,Campaign management and execution platform,"Adobe Campaign, Salesforce Marketing Cloud, Pega Marketing",PT-015,Event-Driven Architecture,Event-driven campaign orchestration reacting to user events in real-time.
372,Campaign Planning,159,GenAI Campaign Strategy,Campaign strategy and planning,"Adobe Campaign, Custom Campaign Planner",PT-006,Multi-Model Routing,Multi-Model Routing for campaign strategy generation with cost optimization.
294,Card Scheme Logic,125,Rule-based Decisioning,Card scheme rules implementation,"Visa/Mastercard Rules, Custom Logic",PT-009,Real-Time ML Scoring Pattern,Real-time decisioning with card scheme rule validation and explainability.
184,Case Management,76,Risk Scoring Algorithm,Case management system for investigations,"ServiceNow, Pega Case Management, Custom System",PT-009,Real-Time ML Scoring Pattern,Real-time risk scoring for case prioritization with Feature Store integration.
301,Case Management,129,Workflow Automation,Case management for disputes,"ServiceNow, Pega, Custom Case Management",PT-007,Agentic AI Pattern,Agentic AI for dispute workflow automation with autonomous evidence gathering.
292,Category Model,124,ML Dispute Classification,Categorization models for disputes,"Custom Category Model, ML Classifier",PT-009,Real-Time ML Scoring Pattern,Real-time dispute classification with Feature Store features.
68,CDP,31,Customer Data Platform (CDP),Customer Data Platform for unified customer view,"Adobe Real-Time CDP, Segment, Salesforce CDP, Azure Customer Insights",PT-003,Feature Store (Dual-Store),Feature Store CDP integration for unified customer features. <10ms retrieval.
384,CDP Integration,165,Mobile SDK Integration,Integration with Customer Data Platform,"Segment SDK, Adobe SDK, Custom CDP Integration",PT-003,Feature Store (Dual-Store),Feature Store CDP integration for user interaction and preference features.
370,Channel Integration,158,Debt Management Integration,Multi-channel communication integration,"Twilio, Email Service, SMS Gateway",PT-006,Multi-Model Routing,Multi-Model Routing for personalized multi-channel communications.
297,Chargeback Automation,126,RPA Evidence Gathering,Automated chargeback filing,"Custom Chargeback System, Payment Gateway Integration",PT-007,Agentic AI Pattern,Agentic AI for autonomous chargeback filing with tool orchestration.
87,Chatbot Framework,38,Conversational AI Virtual Agents,Framework for building conversational AI agents,"Microsoft Bot Framework, Dialogflow, Rasa, AWS Lex",PT-013,Conversational AI Pattern,2025 Conversational AI with multi-channel support. Context-aware handoff. 20%+ containment.
140,CI/CD Platform,59,DataOps with CI/CD,Continuous Integration and Deployment platform,"Azure DevOps, GitHub Actions, GitLab CI/CD, Jenkins",PT-002,MLOps Level 2+ with Governance,MLOps Level 2+ CI/CD with automated governance checks and compliance validation.
138,Classification ML,58,AI Metadata Management,ML-based classification of data assets,"Custom Classification Models, Azure Purview",PT-012,Data Mesh Pattern,Data Mesh classification with federated governance standards.
56,Classification Models,26,NLP Document Classification,Pre-trained and custom models for document classification,"BERT, RoBERTa, Custom Classification Models",PT-011,Intelligent Document Processing (IDP),IDP document classification with BERT-based classifiers. Confidence routing.
279,Clause Extraction,118,NLP Contract Analysis,Extraction of contract clauses and terms,"Azure Form Recognizer, Custom NLP Extractor",PT-011,Intelligent Document Processing (IDP),IDP contract clause extraction with confidence scoring and HITL integration.
366,Clustering Algorithm,157,Customer Segmentation ML,Clustering algorithms for segmentation,"K-means, DBSCAN, Custom Clustering",PT-014,Batch Prediction Pattern,Batch clustering for customer segmentation with Feature Store features.
103,Coaching Analytics,43,AI Quality Monitoring,Analytics for agent coaching and performance,"Genesys WEM, Nice CXone, Custom Coaching Analytics",PT-017,Observability and Monitoring Pattern,Observability coaching analytics with automated trigger recommendations.
142,Code Assistant,60,GitHub Copilot,AI-powered code completion and generation assistant,"GitHub Copilot, AWS CodeWhisperer, Tabnine, Cursor",PT-006,Multi-Model Routing,Multi-Model Routing for code completion (GPT-4 for code). Governance compliance.
144,Code Completion,60,GitHub Copilot,Intelligent code completion service,"GitHub Copilot, IntelliCode, Kite, Cursor",PT-006,Multi-Model Routing,Multi-Model Routing for intelligent code suggestions with security scanning.
126,Code Generation,53,GenAI Code Generation,LLM-based code generation service,"GitHub Copilot, AWS CodeWhisperer, Azure OpenAI, Cursor",PT-006,Multi-Model Routing,Multi-Model Routing for code generation (GPT-4 complex, Llama simple).
150,Code Parser,63,GenAI Documentation Generation,Parser for extracting code structure and metadata,"Tree-sitter, libclang, Roslyn, Custom Parser",PT-008,Multi-Agent Orchestration,Multi-Agent Documentation Agent for automated code documentation.
146,Code Quality,61,AI Code Review,Code quality assessment tools,"SonarQube, ESLint, Pylint, Code Climate",PT-008,Multi-Agent Orchestration,Multi-Agent Code Review Agent with automated quality analysis.
72,Collaborative Filtering,32,ML Recommendation Engine,Collaborative filtering algorithms for recommendations,"Matrix Factorization, Deep Learning CF, Custom CF",PT-009,Real-Time ML Scoring Pattern,Real-time recommendations with <500ms latency. Champion/Challenger optimization.
281,Communication Generation,119,GenAI RFP Generation,Automated communication generation,"Azure OpenAI, Custom LLM Generator",PT-006,Multi-Model Routing,Multi-Model Routing for RFP and communication generation. Cost optimization.
371,Communication Platform,158,Debt Management Integration,Communication platform for collections,"Twilio, Custom Communication Platform",PT-006,Multi-Model Routing,Multi-Model Routing for personalized collection communications.
363,Communication Templates,155,GenAI Personalized Communication,Templates for personalized communications,"Custom Communication Templates, Email Templates",PT-006,Multi-Model Routing,Multi-Model Routing for compliance-validated personalized communications.
268,Competitive Intel,113,Sentiment Analysis Dashboard,Competitive intelligence gathering,"Custom Competitive Intel, Market Intelligence",PT-017,Observability and Monitoring Pattern,Observability dashboards for competitive intelligence with real-time sentiment.
224,Compliance Engine,94,Compliance Validation Automation,Automated compliance validation engine,"Custom Compliance Engine, Compliance System",PT-001,Enterprise AI Governance Platform,Governance compliance engine with MLOps Level 2+ validation.
176,Compliance Integration,73,Sanctions DB Integration,Integration with compliance systems,"Custom Integration, Compliance System API",PT-001,Enterprise AI Governance Platform,Governance integration with sanctions systems. 7+ year audit trail.
192,Compliance Integration,80,Compliance Framework Integration,Integration with compliance frameworks,"GRC System Integration, Custom Compliance API",PT-001,Enterprise AI Governance Platform,Governance with Data Mesh lineage tracking. GRC platform integration.
102,Compliance Monitoring,43,AI Quality Monitoring,Monitoring system for compliance adherence,"Nice Compliance Recording, Verint Compliance, Custom Monitoring",PT-017,Observability and Monitoring Pattern,Observability compliance monitoring with automated coaching triggers.
51,Compliance Reporting,24,Explainable AI (XAI),Reporting tools for regulatory compliance,"Custom Compliance Reports, Model Risk Reports",PT-004,ML Model Explainability (SHAP/LIME),MANDATORY Explainability compliance reporting with SHAP/LIME explanations.
61,Compliance Templates,28,GenAI Document Summarization,Pre-approved templates for compliance documentation,"Regulatory Compliant Templates, Audit Templates",PT-005,Retrieval-Augmented Generation (Self-Reflective RAG),Self-Reflective RAG over compliance templates for narrative generation.
209,Computer Vision,88,Computer Vision ID Verification,Computer vision models for document verification,"Azure AI Vision, AWS Rekognition, Custom CV Models",PT-011,Intelligent Document Processing (IDP),IDP computer vision with liveness detection and document forensics.
340,Concept Extraction,146,NLP Content Summarization,Key concept extraction from content,"spaCy, Azure Text Analytics, Custom NLP",PT-005,Retrieval-Augmented Generation (Self-Reflective RAG),Self-Reflective RAG for key concept extraction and summarization.
362,Contact Timing,154,Reinforcement Learning,Optimal contact timing optimization,"Custom Timing Model, RL-based Optimization",PT-010,Champion/Challenger Testing Pattern,Champion/Challenger for contact strategy testing with RL optimization.
353,Content Delivery,151,LMS Integration,Content delivery and distribution,"LMS Content Delivery, CDN, Custom Delivery",PT-001,Enterprise AI Governance Platform,Governance for content compliance validation. Learning audit trails.
9,Content Templates,3,GenAI Content Generation,Reusable templates for consistent content,"Template Management System, Content Library, Brand Guidelines Repository",PT-006,Multi-Model Routing,Multi-Model Routing for content generation with brand compliance.
374,Content Variants,160,LLM Content Variants,Content variant generation,"Azure OpenAI, Custom Content Generator",PT-006,Multi-Model Routing,Multi-Model Routing for content variants. A/B testing with Champion/Challenger.
117,Context Engine,48,Threat Intelligence Enrichment,Engine for adding contextual information,"Custom Context Engine, SIEM Context Enrichment",PT-003,Feature Store (Dual-Store),Feature Store for threat indicator features. Real-time context enrichment.
378,Context Processing,162,Real-time Personalization,Real-time context processing,"Custom Context Engine, Real-time Processing",PT-015,Event-Driven Architecture,Event-driven context processing with Stream Processing for real-time triggers.
278,Contract Mining,118,NLP Contract Analysis,Contract data extraction and mining,"Icertis, Custom NLP Contract Analyzer",PT-011,Intelligent Document Processing (IDP),IDP contract analysis with clause extraction. Multi-Agent Contract Agent integration.
135,Contract Templates,57,GenAI Data Contracts,Templates for data contracts and SLAs,"Custom Contract Templates, OpenAPI Spec Templates",PT-012,Data Mesh Pattern,Data Mesh data contracts with SLA and quality standards automation.
317,Control Metrics,136,Control Monitoring Dashboard,Metrics for control effectiveness,"Custom KPIs, GRC Metrics",PT-017,Observability and Monitoring Pattern,Observability control effectiveness metrics with real-time dashboards.
232,Control Monitoring,97,Control Effectiveness Monitoring,Automated control monitoring system,"Custom Control Monitoring, GRC System",PT-017,Observability and Monitoring Pattern,Observability for control effectiveness dashboards. Real-time KRI monitoring.
307,Control Monitoring,132,ML Control Anomaly Detection,Continuous control monitoring,"Custom Control Monitor, GRC System",PT-014,Batch Prediction Pattern,Batch anomaly detection for control monitoring with Observability dashboards.
313,Control Templates,134,GenAI Test Script Generation,Templates for control testing,"Custom Control Templates, Audit Templates",PT-006,Multi-Model Routing,Multi-Model Routing for test script generation with template compliance.
306,Control Testing,131,RPA Test Automation,Automated control testing,"UiPath, Power Automate, Custom Testing",PT-008,Multi-Agent Orchestration,Multi-Agent Testing Agent for automated control test execution.
114,Correlation Engine,47,SIEM Integration,Event correlation engine for security analytics,"Microsoft Sentinel, Splunk Enterprise Security, QRadar",PT-015,Event-Driven Architecture,Event-driven SIEM correlation with real-time threat detection.
329,Covenant Tracking,141,NLP Covenant Monitoring,Covenant compliance tracking,"Custom Covenant Monitor, Loan System Integration",PT-005,Retrieval-Augmented Generation (Self-Reflective RAG),Self-Reflective RAG for covenant document analysis. Real-time breach alerts.
324,Credit Models,139,Credit Rating ML,Credit rating models,"Moody's Models, S&P Models, Custom Credit Models",PT-009,Real-Time ML Scoring Pattern,Real-time credit rating with Tier 1 governance. MANDATORY Explainability.
42,Credit Templates,21,GenAI Credit Narratives,Templates for credit documentation,"Custom Credit Templates, Regulatory Compliant Templates",PT-005,Retrieval-Augmented Generation (Self-Reflective RAG),Self-Reflective RAG over credit policies for compliant narrative generation.
327,Credit Templates,140,GenAI Credit Memos,Templates for credit memos,"Custom Credit Templates, Bank Templates",PT-005,Retrieval-Augmented Generation (Self-Reflective RAG),Self-Reflective RAG over underwriting policies. Compliance-validated narratives.
104,CRM Connector,44,CRM Integration,Connector for integrating with CRM systems,"Salesforce Connector, Dynamics 365 Connector, Custom Connector",PT-001,Enterprise AI Governance Platform,Governance CRM integration with full customer interaction audit trail.
69,Customer 360,31,Customer Data Platform (CDP),360-degree view of customer data,"Salesforce Customer 360, Microsoft Dynamics 365, Custom C360",PT-003,Feature Store (Dual-Store),Feature Store for unified customer features. <10ms online retrieval.
368,Customer Groups,157,Customer Segmentation ML,Customer grouping and profiling,"CDP Segmentation, Custom Grouping",PT-014,Batch Prediction Pattern,Batch segmentation with Feature Store customer features.
81,Customer Journey,36,Journey Orchestration,Platform for designing customer journeys,"Adobe Journey Optimizer, Salesforce Journey Builder, Pega Journey",PT-015,Event-Driven Architecture,Event-driven journey orchestration with Stream Processing behavioral aggregation.
215,Customer Profiling,90,ML Risk Assessment,Customer profiling and segmentation,"Custom Profiling, CDP-based Profiling",PT-003,Feature Store (Dual-Store),Feature Store for customer risk profiling features. Real-time assessment.
236,Dashboard Platform,99,Predictive KRI Dashboard,Dashboard and visualization platform,"Power BI, Tableau, Custom Dashboard",PT-017,Observability and Monitoring Pattern,Observability dashboards for real-time KRI visualization.
269,Dashboard Platform,113,Sentiment Analysis Dashboard,Dashboard for intelligence visualization,"Power BI, Tableau, Custom Dashboard",PT-017,Observability and Monitoring Pattern,Observability dashboards for competitive intelligence and sentiment tracking.
22,Data API,11,BI Visualization Integration,RESTful APIs for accessing data products,"Azure API Management, AWS API Gateway, Custom REST APIs",PT-012,Data Mesh Pattern,Data Mesh data product APIs with federated governance.
12,Data Catalog,7,AI Agent Data Access,Metadata repository for data discovery,"Azure Purview, AWS Glue Data Catalog, Collibra, Alation, DataHub",PT-012,Data Mesh Pattern,Data Mesh data catalog with AI-driven tagging. Domain-oriented data products.
40,Data Enrichment,20,Alternative Data Analytics,Services for enriching with external data,"Experian, Equifax, D&B, Alternative Data Providers",PT-003,Feature Store (Dual-Store),Feature Store for alternative data features. Point-in-time joins.
116,Data Enrichment,48,Threat Intelligence Enrichment,Service for enriching security events,"Microsoft Threat Intelligence, VirusTotal, Custom Enrichment",PT-003,Feature Store (Dual-Store),Feature Store for threat indicator enrichment. Real-time threat feeds.
70,Data Integration,31,Customer Data Platform (CDP),Integration layer for consolidating data,"Azure Data Factory, Informatica, Talend, Custom Integration",PT-012,Data Mesh Pattern,Data Mesh data integration with federated governance.
36,Data Pipeline,18,Data Ingestion Integration,Orchestrated data pipelines for moving and transforming data,"Apache Airflow, Azure Data Factory, AWS Step Functions, Prefect",PT-015,Event-Driven Architecture,Event-driven data pipelines with CDC. Stream Processing integration.
127,Data Pipeline Templates,53,GenAI Code Generation,Reusable templates for data pipeline construction,"Azure Data Factory Templates, Airflow DAG Templates",PT-002,MLOps Level 2+ with Governance,MLOps Level 2+ pipeline templates with governance compliance.
17,Data Quality Framework,9,Anomaly Detection ML,Framework for data quality assessment,"Great Expectations, Soda, Azure Data Quality, AWS Glue Data Quality",PT-017,Observability and Monitoring Pattern,Observability data quality monitoring with automated drift detection.
33,Data Virtualization,17,Semantic Layer,Technology for accessing data without replication,"Denodo, Dremio, Starburst, Azure Data Virtualization",PT-012,Data Mesh Pattern,Data Mesh semantic layer with data product virtualization.
271,Deal Management,115,CRM Deal Integration,Deal management and tracking system,"Salesforce, Dynamics 365, Custom CRM",PT-001,Enterprise AI Governance Platform,Governance for deal lifecycle with full audit trails.
332,Deal Management,142,Deal Approval Workflow,Deal management and tracking,"Salesforce, Custom Deal System",PT-001,Enterprise AI Governance Platform,Governance Tier 1 deal approval workflows.
261,Deal Scoring,110,ML Deal Forecasting,Deal scoring and probability models,"Custom Scoring Models, Salesforce Einstein",PT-014,Batch Prediction Pattern,Batch prediction for deal forecasting with Feature Store pipeline indicators.
369,Debt System Connector,158,Debt Management Integration,Connector to debt management systems,"Custom Debt System API, Collections Platform API",PT-001,Enterprise AI Governance Platform,Governance for debt collection compliance. Regulatory audit trails.
152,Debug Assistant,64,AI Debugging,AI-powered debugging assistant,"GitHub Copilot, Custom Debug Assistant, IntelliCode",PT-007,Agentic AI Pattern,Agentic AI for autonomous debugging with memory for context.
75,Decision Engine,34,Real-time Decisioning Engine,Real-time decision engine for dynamic offers,"Pega CDH, Adobe Target, FICO Decision Engine, Custom Engine",PT-009,Real-Time ML Scoring Pattern,Real-time decisioning with <500ms latency. Event-Driven response.
295,Decision Framework,125,Rule-based Decisioning,Decision framework for disputes,"Custom Decision Framework, FICO",PT-009,Real-Time ML Scoring Pattern,Real-time decisioning with Explainability integration.
73,Deep Learning,32,ML Recommendation Engine,Deep learning models for advanced pattern recognition,"TensorFlow, PyTorch, Azure ML, AWS SageMaker",PT-009,Real-Time ML Scoring Pattern,Real-time deep learning with Feature Store features.
109,Deep Learning Framework,46,Deep Learning Threat Detection,Framework for building deep learning models,"TensorFlow, PyTorch, Azure ML, AWS SageMaker",PT-009,Real-Time ML Scoring Pattern,Real-time deep learning with MLOps Level 2+ automated retraining.
355,Default Prediction,152,Payment Propensity ML,Default prediction models,"Credit Risk Models, ML Default Prediction",PT-014,Batch Prediction Pattern,Batch default prediction with Feature Store payment features.
155,Dependency Scanner,65,Dependency Management AI,Scanner for identifying dependencies and vulnerabilities,"Dependabot, Snyk, WhiteSource, Azure DevOps",PT-008,Multi-Agent Orchestration,Multi-Agent Security Agent for dependency scanning and CVE monitoring.
207,Device Fingerprinting,87,Behavioral Biometrics,Device identification and fingerprinting,"Iovation, ThreatMetrix, Custom Fingerprinting",PT-018,Security and Privacy Pattern,Security & Privacy device fingerprinting with privacy protection.
88,Dialog Management,38,Conversational AI Virtual Agents,System for managing conversation flow,"Rasa, Microsoft Bot Framework, Custom Dialog Manager",PT-013,Conversational AI Pattern,Conversational AI dialog management with multi-turn context.
345,Difficulty Algorithm,148,Adaptive Assessment Generation,Difficulty adaptation algorithms,"Item Response Theory, Custom Algorithms",PT-007,Agentic AI Pattern,Agentic AI adaptive difficulty with learner performance tracking.
298,Dispute Templates,127,GenAI Dispute Response,Templates for dispute responses,"Custom Dispute Templates, Card Scheme Templates",PT-006,Multi-Model Routing,Multi-Model Routing for dispute communication with compliance.
291,Dispute Type Detection,124,ML Dispute Classification,Detection of dispute types,"Custom ML Models, Rules-based Detection",PT-009,Real-Time ML Scoring Pattern,Real-time dispute classification with Feature Store features.
151,Doc Generator,63,GenAI Documentation Generation,Documentation generator from code,"Sphinx, JSDoc, Doxygen, Custom Generator",PT-008,Multi-Agent Orchestration,Multi-Agent Documentation Agent with RAG over codebase.
212,Document Classification,89,OCR Document Processing,Classification of document types,"Azure Form Recognizer, AWS Textract, Custom Classifier",PT-011,Intelligent Document Processing (IDP),IDP document classification with confidence-based HITL routing.
315,Document Collection,135,Automated Evidence Collection,Automated document collection,"SharePoint Integration, Custom Collector",PT-007,Agentic AI Pattern,Agentic AI for autonomous document collection. IDP analysis.
43,Document Generation,21,GenAI Credit Narratives,Automated document generation service,"DocuSign Gen, Custom Document Generator, LLM-based Generation",PT-005,Retrieval-Augmented Generation (Self-Reflective RAG),Self-Reflective RAG for compliant document generation with policy validation.
53,Document Processing,25,OCR Engine,End-to-end document processing,"Azure Form Recognizer, AWS Textract, Google Document AI",PT-011,Intelligent Document Processing (IDP),IDP with ensemble OCR (AWS Textract + Azure). 99% extraction accuracy.
321,Document Processing,138,AI Financial Spreading,Document processing for financial data,"Azure Form Recognizer, Custom Processing",PT-011,Intelligent Document Processing (IDP),IDP for financial statement extraction. 99% accuracy with validation.
130,Documentation Templates,55,GenAI Documentation,Templates for automated documentation,"Custom Doc Templates, Markdown Templates, Wiki Templates",PT-005,Retrieval-Augmented Generation (Self-Reflective RAG),Self-Reflective RAG for documentation search and auto-generation.
233,Effectiveness Analysis,97,Control Effectiveness Monitoring,Analysis of control effectiveness,"Custom Analysis, GRC Analytics",PT-017,Observability and Monitoring Pattern,Observability control effectiveness analysis with real-time KRIs.
350,Effectiveness Tracking,150,Learning Analytics,Learning effectiveness tracking,"Custom Effectiveness Metrics, LMS Reports",PT-017,Observability and Monitoring Pattern,Observability learning effectiveness analytics.
133,Embeddings,56,Semantic Search,Text embedding models for semantic representation,"Azure OpenAI Embeddings, Sentence Transformers, Custom Embeddings",PT-005,Retrieval-Augmented Generation (Self-Reflective RAG),Self-Reflective RAG embeddings with hybrid search (dense + sparse).
171,Ensemble ML,72,Ensemble Risk Scoring,Ensemble machine learning framework,"Scikit-learn, XGBoost, LightGBM, Custom Ensemble",PT-010,Champion/Challenger Testing Pattern,Champion/Challenger for ensemble validation. Statistical significance testing.
201,Entity Extraction,84,NLP Unstructured Data,Named entity extraction from text,"spaCy NER, Azure AI Language, AWS Comprehend",PT-011,Intelligent Document Processing (IDP),IDP NER for entity extraction from evidence documents.
288,ERP Connector,123,ERP Integration,Connector to ERP systems,"SAP Connector, Oracle Connector, Custom Connector",PT-001,Enterprise AI Governance Platform,Governance ERP integration with procurement compliance audit.
35,ETL/ELT Connector,18,Data Ingestion Integration,Connectors for data extraction and loading,"Fivetran, Azure Data Factory, AWS Glue, Informatica",PT-015,Event-Driven Architecture,Event-driven ETL with CDC for real-time data pipeline.
44,Event Processing,22,Streaming Analytics,Real-time event detection and processing,"Apache Kafka Streams, Azure Stream Analytics, AWS Kinesis Analytics",PT-016,Stream Processing Pattern,Stream Processing with windowing for transaction pattern detection.
314,Evidence Automation,135,Automated Evidence Collection,Automated evidence collection,"Custom Evidence Collector, eDiscovery",PT-007,Agentic AI Pattern,Agentic AI autonomous evidence collection with IDP analysis.
204,Evidence Collection,86,Case Management Integration,Automated evidence collection from systems,"Custom Evidence Collector, eDiscovery Tools",PT-007,Agentic AI Pattern,Agentic AI for autonomous evidence gathering across systems.
296,Evidence Collection,126,RPA Evidence Gathering,Automated evidence collection,"UiPath, Power Automate, Custom RPA",PT-007,Agentic AI Pattern,Agentic AI for autonomous evidence gathering. Tool orchestration.
67,Exception Queue,30,Human-in-the-Loop,Queue management for exceptions,"Custom Queue System, Azure Service Bus, AWS SQS",PT-011,Intelligent Document Processing (IDP),IDP exception queue for <90% confidence extractions. HITL feedback loop.
30,Experiment Tracking,15,AutoML Platform,System for tracking ML experiments,"MLflow Tracking, Azure ML Experiments, Weights & Biases",PT-002,MLOps Level 2+ with Governance,MLOps Level 2+ experiment tracking with governance and lineage.
84,Experimentation Platform,37,A/B Testing Framework,Platform for running controlled experiments,"Optimizely, LaunchDarkly, Azure Experimentation, Custom Platform",PT-010,Champion/Challenger Testing Pattern,Champion/Challenger experimentation with statistical testing.
41,External Data Sources,20,Alternative Data Analytics,Third-party data sources for enhanced analytics,"Credit Bureaus, Market Data Providers, Social Media Data",PT-003,Feature Store (Dual-Store),Feature Store for external data features with point-in-time joins.
27,Feature Engineering,14,Predictive ML Models,Tools and pipelines for transforming raw data into ML features,"Feature Tools, Azure ML Feature Engineering, Custom Pipelines",PT-003,Feature Store (Dual-Store),Feature Store with automated feature engineering and point-in-time joins.
5,Feature Store,2,Predictive Analytics Engine,Centralized repository for ML features,"Feast, Tecton, Azure ML Feature Store, AWS SageMaker Feature Store, Databricks Feature Store",PT-003,Feature Store (Dual-Store),MANDATORY Feature Store dual-store architecture. <10ms online retrieval. 75% of ML use cases.
258,Financial Analysis,109,LLM Corporate Intelligence,LLM-based financial analysis,"Azure OpenAI GPT-4, Custom Financial LLM",PT-005,Retrieval-Augmented Generation (Self-Reflective RAG),Self-Reflective RAG over financial statements. Hybrid search.
330,Financial Analysis,141,NLP Covenant Monitoring,Financial statement analysis,"Custom Financial Analyzer, NLP-based Analysis",PT-005,Retrieval-Augmented Generation (Self-Reflective RAG),Self-Reflective RAG for covenant document analysis.
322,Financial Extraction,138,AI Financial Spreading,Extraction of financial data,"Custom Financial Extractor, ML-based Extraction",PT-011,Intelligent Document Processing (IDP),IDP financial extraction with 99% accuracy.
15,Financial Templates,8,GenAI Narrative Generation,Pre-built templates for financial reporting,"Custom Financial Report Templates, SAP Analytics Cloud Templates",PT-006,Multi-Model Routing,Multi-Model Routing for financial narrative with task-based routing.
300,Forecasting Engine,128,Outcome Forecasting,Forecasting engine for predictions,"Custom Forecasting, Time Series Models",PT-014,Batch Prediction Pattern,Batch prediction for outcome forecasting with MLOps governance.
262,Forecasting Models,110,ML Deal Forecasting,ML forecasting models,"Time Series Models, Custom ML Forecasting",PT-014,Batch Prediction Pattern,Batch prediction for deal forecasting.
194,Framework Connector,80,Compliance Framework Integration,Connectors to compliance frameworks,"Custom Connectors, API Integration",PT-001,Enterprise AI Governance Platform,Governance compliance framework connectors.
195,Fraud Detection,81,ML Fraud Detection,ML models for fraud detection,"FICO Falcon, SAS Fraud, AWS Fraud Detector, Custom Models",PT-009,Real-Time ML Scoring Pattern,Real-time fraud detection with 200-300ms decisioning. Tier 1 regulatory.
161,Fuzzy Logic,67,Fuzzy Name Matching ML,Fuzzy logic algorithms for approximate matching,"FuzzyWuzzy, RapidFuzz, Custom Fuzzy Logic",PT-009,Real-Time ML Scoring Pattern,Real-time name matching with Feature Store identity features.
346,Generative AI,149,Text-to-Media Generation,Generative AI for media creation,"DALL-E, Midjourney, Stable Diffusion",PT-006,Multi-Model Routing,Multi-Model Routing for multi-modal content generation.
168,Graph Analytics,71,Network Analysis,Graph database and analytics for relationship mapping,"Neo4j, Azure Cosmos DB Gremlin, AWS Neptune, TigerGraph",PT-009,Real-Time ML Scoring Pattern,Real-time graph analytics for pattern detection. Network analysis.
197,Graph Database,83,Graph Analytics,Graph database for relationship storage,"Neo4j, Azure Cosmos DB Gremlin, AWS Neptune",PT-009,Real-Time ML Scoring Pattern,Real-time graph analytics for fraud ring detection.
241,GRC Connector,101,GRC Platform Integration,Connectors to GRC platforms,"ServiceNow GRC API, SAP GRC API, Custom Connector",PT-001,Enterprise AI Governance Platform,Governance GRC integration with compliance dashboards.
270,Historical Retrieval,114,RAG Knowledge Retrieval,Retrieval of historical knowledge and context,"Custom RAG System, Azure AI Search",PT-005,Retrieval-Augmented Generation (Self-Reflective RAG),Self-Reflective RAG over CRM and deal history.
66,Human Task Management,30,Human-in-the-Loop,Task management for human review,"ServiceNow, Pega, Custom Task Management",PT-011,Intelligent Document Processing (IDP),IDP human task management with feedback loop.
211,ID Verification,88,Computer Vision ID Verification,Identity document verification service,"Onfido, Jumio, Trulioo, Idemia",PT-011,Intelligent Document Processing (IDP),IDP ID verification with liveness and document forensics.
143,IDE Integration,60,GitHub Copilot,Integration with development environments,"VS Code Extension, Visual Studio Extension, JetBrains Plugin",PT-006,Multi-Model Routing,Multi-Model Routing IDE integration with code security compliance.
223,Identity Verification,93,Biometric Authentication,Identity verification and authentication,"Azure Entra ID, Onfido, Jumio",PT-018,Security and Privacy Pattern,Security & Privacy identity verification with privacy protection.
376,Image Generation,161,Computer Vision Image AI,AI-based image generation,"DALL-E, Midjourney, Stable Diffusion",PT-006,Multi-Model Routing,Multi-Model Routing for multi-modal image generation.
253,Incident Automation,107,RPA Incident Resolution,Automated incident resolution,"ServiceNow Automation, Custom Automation",PT-007,Agentic AI Pattern,Agentic AI for autonomous incident resolution. Tool orchestration.
125,Incident Reporting,51,GenAI Security Reports,Incident report generation and management,"ServiceNow Security Operations, Custom Reporting",PT-006,Multi-Model Routing,Multi-Model Routing for security report generation.
31,Insight Templates,16,GenAI Insight Generation,Pre-built templates for generating insights,"Custom Insight Templates, Analytics Report Templates",PT-005,Retrieval-Augmented Generation (Self-Reflective RAG),Self-Reflective RAG for insight generation with Multi-Model Routing.
93,Intent Classifier,40,NLP Intent & Sentiment,ML model for classifying user intents,"Azure LUIS, Custom BERT-based Classifier, AWS Comprehend",PT-013,Conversational AI Pattern,Conversational AI intent classification with sentiment analysis.
89,Intent Recognition,38,Conversational AI Virtual Agents,NLP service for recognizing user intents,"Azure LUIS, AWS Lex, Dialogflow, Custom Intent Classifier",PT-013,Conversational AI Pattern,Conversational AI intent recognition with context management.
284,Invoice Processing,121,OCR Invoice Matching,Invoice processing and extraction,"Azure Form Recognizer, UiPath Document Understanding",PT-011,Intelligent Document Processing (IDP),IDP invoice processing with 99% accuracy.
255,ITSM Connector,108,ITSM Integration,Connector to IT Service Management systems,"ServiceNow API, BMC Remedy API, Custom Connector",PT-017,Observability and Monitoring Pattern,Observability ITSM integration with unified dashboards.
91,Knowledge Base,39,Agent Assist with RAG,Structured knowledge repository for agent assistance,"Azure Cognitive Search, SharePoint, Custom Knowledge Base",PT-005,Retrieval-Augmented Generation (Self-Reflective RAG),Self-Reflective RAG knowledge base with hybrid search.
1,Knowledge Management,1,RAG (Retrieval Augmented Generation),Enterprise knowledge repository,"SharePoint, Confluence, Knowledge Graph DB, Document Management System",PT-005,Retrieval-Augmented Generation (Self-Reflective RAG),Self-Reflective RAG knowledge management with hybrid search and reranking.
247,Knowledge Matching,104,Similarity Analysis,Knowledge article matching to issues,"ServiceNow Knowledge, Custom Matcher",PT-005,Retrieval-Augmented Generation (Self-Reflective RAG),Self-Reflective RAG for incident knowledge retrieval.
237,KRI Engine,99,Predictive KRI Dashboard,Key Risk Indicator calculation and monitoring,"Custom KRI Engine, GRC System",PT-017,Observability and Monitoring Pattern,Observability KRI engine with real-time dashboards.
213,KYC Processing,89,OCR Document Processing,KYC document processing and verification,"Fenergo, Onfido, Custom KYC System",PT-011,Intelligent Document Processing (IDP),IDP for KYC with <5 minute processing. 99% accuracy.
338,Learning Content,145,GenAI Lesson Generation,Learning content generation,"Azure OpenAI, Custom Content Generator",PT-005,Retrieval-Augmented Generation (Self-Reflective RAG),Self-Reflective RAG over training materials. 80% content time reduction.
349,Learning Metrics,150,Learning Analytics,Learning analytics and metrics,"LMS Analytics, Custom Learning Analytics",PT-017,Observability and Monitoring Pattern,Observability learning analytics with engagement tracking.
341,Learning Paths,147,ML Learning Recommendations,Personalized learning path creation,"Custom Recommendation, LMS Personalization",PT-009,Real-Time ML Scoring Pattern,Real-time learning recommendations with Feature Store profiles.
352,Learning Platform,151,LMS Integration,Learning platform integration,"Moodle, Canvas, Cornerstone, SAP SuccessFactors",PT-001,Enterprise AI Governance Platform,Governance LMS integration with content compliance.
193,Lineage Tracking,80,Compliance Framework Integration,Data lineage tracking and visualization,"Azure Purview Lineage, Collibra Lineage, Apache Atlas",PT-012,Data Mesh Pattern,Data Mesh lineage tracking with federated governance.
210,Liveness Detection,88,Computer Vision ID Verification,Liveness detection for preventing spoofing,"Azure Face Liveness, Onfido, iProov",PT-011,Intelligent Document Processing (IDP),IDP liveness detection for fraud prevention.
7,LLM API,3,GenAI Content Generation,API gateway for Large Language Model access,"Azure OpenAI API, AWS Bedrock API, Anthropic API, OpenAI API",PT-006,Multi-Model Routing,Multi-Model Routing LLM API with cost-optimized model selection. 30-50% savings.
3,LLM Integration,1,RAG (Retrieval Augmented Generation),Integration layer for LLM APIs,"Azure OpenAI Service, AWS Bedrock, Anthropic Claude API, OpenAI API Gateway",PT-005,Retrieval-Augmented Generation (Self-Reflective RAG),Self-Reflective RAG LLM integration with self-critique loop.
351,LMS Connector,151,LMS Integration,Connector to Learning Management Systems,"Moodle API, Canvas API, Custom LMS Connector",PT-001,Enterprise AI Governance Platform,Governance LMS connector with content audit trails.
113,Log Aggregation,47,SIEM Integration,Log collection and aggregation service,"Microsoft Sentinel, Splunk, Azure Log Analytics",PT-015,Event-Driven Architecture,Event-driven log aggregation with real-time correlation.
153,Log Analysis,64,AI Debugging,Log analysis for root cause identification,"Azure Monitor, Splunk, ELK Stack, Custom Analysis",PT-007,Agentic AI Pattern,Agentic AI log analysis with autonomous debugging.
227,Loss Forecasting,95,ML Risk Forecasting,Loss forecasting models,"SAS, FICO, Custom Forecasting Models",PT-014,Batch Prediction Pattern,Batch loss forecasting with Feature Store risk features.
335,Market Analysis,143,Pricing Optimization ML,Market data analysis for pricing,"Bloomberg API, Custom Market Analysis",PT-003,Feature Store (Dual-Store),Feature Store for market data features with pricing optimization.
259,Market Intelligence,109,LLM Corporate Intelligence,Market intelligence aggregation and analysis,"Bloomberg API, Refinitiv, Custom Market Intel",PT-005,Retrieval-Augmented Generation (Self-Reflective RAG),Self-Reflective RAG over market data for intelligence synthesis.
347,Media Creation,149,Text-to-Media Generation,Media content creation tools,"Adobe Creative Cloud, Custom Media Tools",PT-006,Multi-Model Routing,Multi-Model Routing for multi-modal media creation.
163,Media Monitoring,68,NLP Adverse Media Screening,Service for monitoring news and media,"Dow Jones, LexisNexis, Refinitiv, Custom Web Scraping",PT-005,Retrieval-Augmented Generation (Self-Reflective RAG),Self-Reflective RAG over adverse media sources.
328,Memo Generation,140,GenAI Credit Memos,Automated memo generation,"Azure OpenAI, Custom Generator",PT-005,Retrieval-Augmented Generation (Self-Reflective RAG),Self-Reflective RAG memo generation with compliance validation.
32,Metadata Management,17,Semantic Layer,System for managing business and technical metadata,"Azure Purview, Collibra, Informatica MDM, Alation",PT-012,Data Mesh Pattern,Data Mesh metadata management with federated governance.
179,ML Classifier,74,ML Anomaly Detection,Classification models for anomaly detection,"Isolation Forest, One-Class SVM, Autoencoders",PT-014,Batch Prediction Pattern,Batch anomaly classification with Observability dashboards.
290,ML Classifier,124,ML Dispute Classification,ML classifier for dispute types,"Custom Classification Model, Azure ML",PT-009,Real-Time ML Scoring Pattern,Real-time dispute classification.
123,ML Detection,50,Network Traffic Analysis AI,ML-based detection of network anomalies,"Darktrace, Vectra AI, Custom ML Detection",PT-016,Stream Processing Pattern,Stream Processing for real-time network anomaly detection.
46,ML Ensemble Framework,23,Ensemble ML Models,Framework for combining multiple ML models,"Scikit-learn Ensemble, XGBoost, Custom Ensemble Framework",PT-010,Champion/Challenger Testing Pattern,Champion/Challenger ensemble validation with statistical testing.
162,ML Matching,67,Fuzzy Name Matching ML,ML models for entity matching,"Custom ML Models, Azure Entity Resolution",PT-009,Real-Time ML Scoring Pattern,Real-time entity matching with Feature Store features.
26,ML Model Registry,14,Predictive ML Models,Central repository for ML models,"MLflow Registry, Azure ML Model Registry, AWS SageMaker Model Registry",PT-002,MLOps Level 2+ with Governance,MLOps Level 2+ model registry with governance and versioning.
4,ML Model Serving,2,Predictive Analytics Engine,Infrastructure for deploying ML models,"AWS SageMaker, Azure ML, Seldon Core, KServe",PT-009,Real-Time ML Scoring Pattern,Real-time model serving with <500ms latency. Champion/Challenger.
228,ML Models,95,ML Risk Forecasting,Machine learning model repository,"AWS SageMaker, Azure ML, MLflow",PT-014,Batch Prediction Pattern,Batch risk models with MLOps Level 2+ governance.
277,ML Models,117,ML Spend Analytics,ML models for procurement analytics,"Custom ML Models, Azure ML",PT-014,Batch Prediction Pattern,Batch procurement analytics with Feature Store features.
323,ML Parser,138,AI Financial Spreading,ML-based document parsing,"Custom ML Parser, Azure Form Recognizer",PT-011,Intelligent Document Processing (IDP),IDP ML parsing with 99% accuracy.
216,ML Scoring,90,ML Risk Assessment,ML-based scoring for risk assessment,"Custom ML Scoring, FICO Score",PT-009,Real-Time ML Scoring Pattern,Real-time risk scoring with Feature Store features.
383,Mobile SDK,165,Mobile SDK Integration,Mobile application SDK,"iOS SDK, Android SDK, React Native",PT-015,Event-Driven Architecture,Event-driven mobile SDK with behavioral event streaming.
173,Model Aggregation,72,Ensemble Risk Scoring,Aggregation of multiple model outputs,"Custom Aggregation, Ensemble Voting, Stacking",PT-010,Champion/Challenger Testing Pattern,Champion/Challenger model aggregation with validation.
47,Model Combination,23,Ensemble ML Models,Techniques for combining predictions,"Voting, Stacking, Blending, Model Averaging",PT-010,Champion/Challenger Testing Pattern,Champion/Challenger model combination validation.
50,Model Interpretation,24,Explainable AI (XAI),Tools for interpreting model behavior,"SHAP, LIME, Azure Responsible AI, AWS SageMaker Clarify, DiCE",PT-004,ML Model Explainability (SHAP/LIME),MANDATORY SHAP/LIME explainability with counterfactual generation.
29,Model Training,15,AutoML Platform,Infrastructure for training ML models,"AWS SageMaker Training, Azure ML Training, Custom Training",PT-002,MLOps Level 2+ with Governance,MLOps Level 2+ training with automated governance checks.
256,Monitoring Integration,108,ITSM Integration,Integration with monitoring tools,"Datadog Integration, New Relic Integration",PT-017,Observability and Monitoring Pattern,Observability monitoring integration with unified dashboards.
189,Monitoring Platform,79,Real-time Monitoring System,Platform for real-time monitoring,"Azure Monitor, Datadog, New Relic, Prometheus + Grafana",PT-017,Observability and Monitoring Pattern,Observability platform with real-time alerting.
274,Multi-agent System,116,Agentic AI Orchestration,Multi-agent system architecture,"AutoGen, CrewAI, LangGraph, Custom Multi-agent",PT-008,Multi-Agent Orchestration,Multi-Agent Orchestration with specialized agents. Gartner: 33% by 2028.
196,Multi-system Integration,82,GenAI Case Summarization,Integration across multiple systems,"MuleSoft, Azure Logic Apps, Custom Integration",PT-006,Multi-Model Routing,Multi-Model Routing for case summarization across systems.
160,Name Matching Engine,67,Fuzzy Name Matching ML,Engine for fuzzy and ML-based name matching,"Custom Name Matcher, Azure Entity Matching, Dedupe.io",PT-009,Real-Time ML Scoring Pattern,Real-time name matching with sub-second detection.
57,NER Service,26,NLP Document Classification,Named Entity Recognition service,"Azure AI Language NER, AWS Comprehend, spaCy NER",PT-011,Intelligent Document Processing (IDP),IDP NER for document entity extraction.
240,Network Analysis,100,Network Risk Analysis,Network analysis for interconnected risks,"Neo4j, Custom Network Analysis",PT-014,Batch Prediction Pattern,Batch network analysis for cross-domain risk.
302,Network Connector,130,Card Network Integration,Connectors to card networks,"Visa Connect, Mastercard APIs, Custom Connector",PT-015,Event-Driven Architecture,Event-driven card network integration.
121,Network Monitoring,50,Network Traffic Analysis AI,Network traffic monitoring tools,"AWS VPC Flow Logs, Cisco Stealthwatch, Darktrace",PT-016,Stream Processing Pattern,Stream Processing for real-time network traffic analysis.
170,Network Visualization,71,Network Analysis,Network graph visualization tools,"D3.js, Cytoscape, Neo4j Bloom, Gephi",PT-017,Observability and Monitoring Pattern,Observability network visualization dashboards.
381,Neural Networks,164,Deep Learning Recommendations,Neural network architectures,"TensorFlow, PyTorch, Custom Neural Networks",PT-009,Real-Time ML Scoring Pattern,Real-time deep learning with Feature Store features.
16,NLG Engine,8,GenAI Narrative Generation,Natural Language Generation engine,"Arria NLG, Automated Insights, Custom LLM-based NLG",PT-006,Multi-Model Routing,Multi-Model Routing NLG with task-based routing.
55,NLP Framework,26,NLP Document Classification,Framework for natural language processing,"spaCy, NLTK, AWS Comprehend, Hugging Face Transformers",PT-011,Intelligent Document Processing (IDP),IDP NLP framework with BERT-based classification.
11,Notification Service,4,Real-time Alerting with ML,Multi-channel notification service,"AWS SNS, Twilio, SendGrid, Microsoft Teams Integration",PT-015,Event-Driven Architecture,Event-driven notifications with real-time alerting.
52,OCR Service,25,OCR Engine,Optical Character Recognition service,"AWS Textract, Azure Form Recognizer, ABBYY",PT-011,Intelligent Document Processing (IDP),IDP ensemble OCR with 99% extraction accuracy.
364,Offer Optimization,156,Settlement Offer ML,Settlement offer optimization,"Custom Offer Model, Predictive Optimization",PT-014,Batch Prediction Pattern,Batch offer optimization with MLOps governance.
80,Optimization Engine,35,Multi-Armed Bandit Algorithm,Mathematical optimization for resource allocation,"Custom Optimization, OR-Tools, Gurobi, CPLEX",PT-010,Champion/Challenger Testing Pattern,Champion/Challenger optimization with statistical testing.
334,Optimization Engine,143,Pricing Optimization ML,Mathematical optimization engine,"Gurobi, OR-Tools, Custom Optimization",PT-010,Champion/Challenger Testing Pattern,Champion/Challenger pricing optimization.
357,Optimization Engine,153,Optimization Algorithms,Mathematical optimization engine,"Gurobi, CPLEX, OR-Tools, Custom Optimization",PT-009,Real-Time ML Scoring Pattern,Real-time prioritization with dynamic allocation.
37,Orchestration,18,Data Ingestion Integration,Workflow orchestration for data processing,"Apache Airflow, Prefect, Dagster, Temporal",PT-015,Event-Driven Architecture,Event-driven orchestration with Stream Processing.
82,Orchestration Platform,36,Journey Orchestration,Platform for orchestrating customer interactions,"Adobe Journey Optimizer, Pega, Custom Orchestration",PT-015,Event-Driven Architecture,Event-driven journey orchestration with real-time triggers.
265,Org Mapping,112,Network Relationship Mapping,Organizational relationship mapping,"Custom Org Mapper, CRM Hierarchy Visualizer",PT-003,Feature Store (Dual-Store),Feature Store for corporate client hierarchy features.
299,Outcome Analysis,128,Outcome Forecasting,Analysis of dispute outcomes,"Custom Outcome Analyzer, Historical Analysis",PT-014,Batch Prediction Pattern,Batch outcome forecasting with MLOps governance.
289,P2P Integration,123,ERP Integration,Procure-to-Pay integration,"Coupa Integration, SAP Ariba, Custom Integration",PT-001,Enterprise AI Governance Platform,Governance P2P integration with procurement compliance.
308,Pattern Analysis,132,ML Control Anomaly Detection,Pattern analysis for control deviations,"Custom ML Analysis, Statistical Process Control",PT-014,Batch Prediction Pattern,Batch pattern analysis for control monitoring.
198,Pattern Mining,83,Graph Analytics,Pattern mining algorithms on graph data,"Neo4j Graph Data Science, Custom Algorithms",PT-009,Real-Time ML Scoring Pattern,Real-time graph pattern mining for fraud detection.
111,Pattern Recognition,46,Deep Learning Threat Detection,Pattern recognition algorithms for threat detection,"Custom ML Models, Deep Learning CNNs, RNNs",PT-009,Real-Time ML Scoring Pattern,Real-time threat pattern recognition.
178,Pattern Recognition,74,ML Anomaly Detection,Pattern recognition for detecting deviations,"Custom ML Models, Statistical Methods",PT-014,Batch Prediction Pattern,Batch anomaly pattern recognition.
356,Payment Scoring,152,Payment Propensity ML,Payment behavior scoring,"Custom Payment Score, FICO Score",PT-014,Batch Prediction Pattern,Batch payment scoring with Feature Store features.
304,Payment Systems,130,Card Network Integration,Payment system integration,"Payment Gateway, Card Network APIs",PT-015,Event-Driven Architecture,Event-driven payment processing.
325,PD/LGD Calculation,139,Credit Rating ML,Probability of Default and Loss Given Default,"Basel Models, Custom PD/LGD Models",PT-009,Real-Time ML Scoring Pattern,Real-time PD/LGD with MANDATORY Explainability.
220,PEP Detection,92,NLP Sanctions Screening,Politically Exposed Person detection,"Dow Jones, Refinitiv, Custom PEP Detection",PT-005,Retrieval-Augmented Generation (Self-Reflective RAG),Self-Reflective RAG over sanctions databases.
375,Persona Targeting,160,LLM Content Variants,Persona-based content targeting,"CDP Personas, Custom Persona Engine",PT-006,Multi-Model Routing,Multi-Model Routing for persona-targeted content.
342,Personalization,147,ML Learning Recommendations,Learning experience personalization,"Custom Personalization, LMS Features",PT-009,Real-Time ML Scoring Pattern,Real-time learning personalization with Feature Store.
74,Personalization Engine,33,GenAI Personalized Content,Engine for personalizing content at scale,"Adobe Target, Azure Personalizer, Custom Personalization",PT-006,Multi-Model Routing,Multi-Model Routing for personalized content. 30-50% savings.
139,Pipeline Automation,59,DataOps with CI/CD,Automated data pipeline deployment,"Azure DevOps, GitLab CI/CD, GitHub Actions",PT-002,MLOps Level 2+ with Governance,MLOps Level 2+ pipeline automation with governance.
260,Pipeline Prediction,110,ML Deal Forecasting,Sales pipeline prediction models,"Salesforce Einstein, Custom Pipeline Models",PT-014,Batch Prediction Pattern,Batch pipeline prediction with Feature Store features.
320,Platform Integration,137,GRC System Integration,Integration with GRC platforms,"ServiceNow API, SAP GRC API, MetricStream API",PT-001,Enterprise AI Governance Platform,Governance GRC platform integration.
120,Playbook Execution,49,AI-powered SOAR,Automated playbook execution for incident response,"Microsoft Sentinel, XSOAR, Splunk SOAR",PT-007,Agentic AI Pattern,Agentic AI playbook execution with tool orchestration.
336,Portfolio Analytics,144,Portfolio Analytics Dashboard,Portfolio analytics and reporting,"Custom Portfolio Analytics, Risk Analytics",PT-017,Observability and Monitoring Pattern,Observability portfolio dashboards with stress testing.
238,Predictive Analytics,99,Predictive KRI Dashboard,Predictive analytics for forward-looking KRIs,"Custom Predictive Models, Azure ML",PT-017,Observability and Monitoring Pattern,Observability predictive KRI analytics.
249,Predictive Model,106,Predictive SLA Analytics,Predictive models for SLA forecasting,"Custom Predictive Models, ServiceNow Predictive Intelligence",PT-014,Batch Prediction Pattern,Batch SLA prediction with Observability dashboards.
283,Predictive Models,120,Supplier Risk Scoring,Predictive models for supplier risk,"Custom Risk Models, Third-party Data",PT-009,Real-Time ML Scoring Pattern,Real-time supplier risk scoring.
333,Pricing Model,143,Pricing Optimization ML,Pricing optimization models,"Custom Pricing Models, ML-based Pricing",PT-010,Champion/Challenger Testing Pattern,Champion/Challenger pricing validation.
358,Prioritization,153,Optimization Algorithms,Resource prioritization algorithms,"Custom Prioritization, Optimization Models",PT-009,Real-Time ML Scoring Pattern,Real-time resource prioritization.
183,Prioritization Engine,76,Risk Scoring Algorithm,Engine for prioritizing cases by risk score,"Custom Prioritization, FICO Prioritization",PT-009,Real-Time ML Scoring Pattern,Real-time risk prioritization.
64,Process Automation,29,RPA Integration,Tools for automating repetitive processes,"Power Automate, UiPath, Custom Automation",PT-007,Agentic AI Pattern,Agentic AI replacing brittle RPA with intelligent automation.
218,Process Automation,91,Workflow Automation Integration,Business process automation,"Pega BPM, Power Automate, Camunda",PT-007,Agentic AI Pattern,Agentic AI for adaptive workflow orchestration.
382,Product Recommendations,164,Deep Learning Recommendations,Product recommendation system,"Custom Recommendation, Collaborative Filtering, AWS Personalize",PT-009,Real-Time ML Scoring Pattern,Real-time recommendations with Feature Store features.
128,Profiling Engine,54,ML Data Quality,Data profiling engine for quality assessment,"Great Expectations, Soda, Azure Data Quality",PT-017,Observability and Monitoring Pattern,Observability data quality profiling with drift detection.
187,Profiling Engine,78,Data Quality Profiling,Data profiling for quality assessment,"Great Expectations, Soda, Talend Data Quality",PT-017,Observability and Monitoring Pattern,Observability data profiling with automated alerting.
8,Prompt Engineering,3,GenAI Content Generation,Framework for designing and managing prompts,"LangChain, Semantic Kernel, PromptFlow, Custom Prompt Management",PT-006,Multi-Model Routing,Multi-Model Routing prompt engineering with task optimization.
354,Propensity Model,152,Payment Propensity ML,Payment propensity scoring model,"Custom Propensity Model, ML Classification",PT-014,Batch Prediction Pattern,Batch propensity scoring with Feature Store features.
101,Quality Framework,43,AI Quality Monitoring,Framework for monitoring and assuring quality,"Custom Quality Framework, Nice Quality Management",PT-017,Observability and Monitoring Pattern,Observability quality monitoring with coaching triggers.
188,Quality Metrics,78,Data Quality Profiling,Metrics and KPIs for data quality,"Custom Metrics, Data Quality Dashboards",PT-017,Observability and Monitoring Pattern,Observability quality metrics with dashboards.
24,Query Translation,13,Natural Language Query (NLQ),Service for translating natural language to queries,"Custom NL2SQL Service, Text-to-SQL Models",PT-013,Conversational AI Pattern,Conversational AI query translation with RAG context.
99,Queue Management,42,ML Intelligent Routing,Queue management system for optimizing wait times,"Genesys Queue, Custom Queue Manager, Azure Service Bus",PT-009,Real-Time ML Scoring Pattern,Real-time queue optimization with ML routing.
339,Quiz Generation,145,GenAI Lesson Generation,Automated quiz generation,"Custom Quiz Generator, LLM-based Generation",PT-005,Retrieval-Augmented Generation (Self-Reflective RAG),Self-Reflective RAG quiz generation from content.
90,RAG Framework,39,Agent Assist with RAG,Retrieval Augmented Generation framework,"LangChain, LlamaIndex, Semantic Kernel, Custom RAG",PT-005,Retrieval-Augmented Generation (Self-Reflective RAG),2025 Self-Reflective RAG with hybrid search, reranking, self-critique.
326,Rating Engine,139,Credit Rating ML,Credit rating calculation engine,"Custom Rating Engine, FICO Platform",PT-009,Real-Time ML Scoring Pattern,Real-time credit rating with Tier 1 governance.
45,Real-time Analytics,22,Streaming Analytics,Analytics on streaming data in real-time,"Apache Flink, Spark Streaming, Kafka Streams",PT-016,Stream Processing Pattern,Stream Processing with windowing for real-time analytics.
203,Real-time Detection,85,Real-time Transaction Monitoring,Real-time fraud and risk detection,"FICO Real-time Decisioning, Custom Detection",PT-009,Real-Time ML Scoring Pattern,Real-time fraud detection with 200-300ms latency.
318,Real-time Monitoring,136,Control Monitoring Dashboard,Real-time control monitoring,"Custom Dashboard, Power BI Real-time",PT-017,Observability and Monitoring Pattern,Observability real-time control dashboards.
191,Real-time Processing,79,Real-time Monitoring System,Real-time data processing infrastructure,"Apache Kafka, Azure Event Hubs, Spark Streaming",PT-016,Stream Processing Pattern,Stream Processing for real-time event handling.
287,Real-time Reporting,122,Real-time Spend Dashboard,Real-time reporting dashboards,"Power BI, Tableau, Custom Dashboard",PT-017,Observability and Monitoring Pattern,Observability real-time spend dashboards.
77,Real-time Scoring,34,Real-time Decisioning Engine,Real-time scoring service for immediate decision-making,"Custom Scoring API, FICO Score Service, Azure ML Real-time",PT-009,Real-Time ML Scoring Pattern,Real-time scoring with <500ms latency. Feature Store integration.
71,Recommendation Engine,32,ML Recommendation Engine,ML-powered recommendation system,"AWS Personalize, Azure Personalizer, Custom Recommendation Engine",PT-009,Real-Time ML Scoring Pattern,Real-time recommendations with Champion/Challenger optimization.
175,Regulatory Connector,73,Sanctions DB Integration,Connectors to regulatory databases,"Dow Jones API, Refinitiv API, Custom Connector",PT-001,Enterprise AI Governance Platform,Governance regulatory connectors with audit trails.
165,Regulatory Reporting,69,GenAI Compliance Narratives,Automated regulatory reporting,"Custom Reporting, Compliance Reporting Tools",PT-006,Multi-Model Routing,Multi-Model Routing for SAR narrative generation.
235,Regulatory Reporting,98,GenAI Risk Narratives,Regulatory reporting and filing,"Custom Regulatory Reports, Compliance Reporting",PT-006,Multi-Model Routing,Multi-Model Routing for regulatory narratives.
78,Reinforcement Learning,35,Multi-Armed Bandit Algorithm,RL framework for optimizing decisions,"Custom RL Framework, AWS RL, Ray RLlib",PT-010,Champion/Challenger Testing Pattern,Champion/Challenger with RL optimization.
199,Relationship Analysis,83,Graph Analytics,Analysis of relationships and connections,"Neo4j Analytics, Custom Graph Analytics",PT-009,Real-Time ML Scoring Pattern,Real-time relationship analysis for fraud detection.
169,Relationship Mapping,71,Network Analysis,Visualization and analysis of entity relationships,"Neo4j Bloom, Linkurious, Custom Visualization",PT-003,Feature Store (Dual-Store),Feature Store for relationship features.
266,Relationship Visualization,112,Network Relationship Mapping,Visualization of relationship networks,"D3.js, Neo4j Bloom, Custom Visualization",PT-017,Observability and Monitoring Pattern,Observability relationship visualization dashboards.
19,Report Engine,10,Automated Report Generation,Automated report generation system,"Power BI, SSRS, Crystal Reports, Custom Report Generator",PT-008,Multi-Agent Orchestration,Multi-Agent Reporting Agent for automated report generation.
186,Report Generation,77,GenAI Audit Reports,Automated report generation service,"Power BI, SSRS, Custom LLM-based Generator",PT-006,Multi-Model Routing,Multi-Model Routing for audit report generation.
264,Report Generation,111,GenAI Client Briefings,Automated report generation,"Power BI, Custom Report Generator",PT-007,Agentic AI Pattern,Agentic AI for autonomous briefing generation.
158,Requirements Templates,66,GenAI User Story Elaboration,Templates for user stories and requirements,"Custom Story Templates, JIRA Templates, Azure DevOps Templates",PT-006,Multi-Model Routing,Multi-Model Routing for requirements generation.
254,Resolution Scripts,107,RPA Incident Resolution,Pre-built resolution scripts and playbooks,"ServiceNow Playbooks, Custom Scripts",PT-007,Agentic AI Pattern,Agentic AI resolution with tool orchestration.
359,Resource Allocation,153,Optimization Algorithms,Resource allocation optimization,"Linear Programming, Custom Allocation",PT-009,Real-Time ML Scoring Pattern,Real-time resource allocation optimization.
248,Response Generation,105,GenAI Response Generation,Automated response generation,"Azure OpenAI, Custom LLM-based Generator",PT-005,Retrieval-Augmented Generation (Self-Reflective RAG),Self-Reflective RAG response generation with Multi-Model Routing.
280,RFP Templates,119,GenAI RFP Generation,Templates for RFPs and procurement docs,"Custom RFP Templates, Procurement Templates",PT-006,Multi-Model Routing,Multi-Model Routing for RFP generation.
48,Risk Aggregation,23,Ensemble ML Models,Aggregation of risk metrics across portfolios,"Custom Risk Aggregation, SAS Risk Aggregation",PT-010,Champion/Challenger Testing Pattern,Champion/Challenger risk aggregation validation.
164,Risk Analysis,68,NLP Adverse Media Screening,Risk analysis from adverse media findings,"Custom Risk Scoring, Dow Jones Risk & Compliance",PT-005,Retrieval-Augmented Generation (Self-Reflective RAG),Self-Reflective RAG over adverse media for risk analysis.
239,Risk Correlation,100,Network Risk Analysis,Risk correlation analysis across entities,"Custom Risk Correlation, SAS Risk",PT-014,Batch Prediction Pattern,Batch risk correlation analysis.
242,Risk Integration,101,GRC Platform Integration,Risk data integration across systems,"Custom Integration, GRC API",PT-001,Enterprise AI Governance Platform,Governance risk integration with GRC platforms.
231,Risk Modeling,96,Monte Carlo Simulation,Risk modeling and quantification,"SAS Risk, FICO, Custom Risk Models",PT-014,Batch Prediction Pattern,Batch risk modeling with stress testing.
38,Risk Models,19,Credit Scoring ML,Pre-built and custom risk assessment models,"SAS Risk Models, FICO Models, Custom Credit Models",PT-009,Real-Time ML Scoring Pattern,Real-time credit risk with MANDATORY Explainability.
214,Risk Models,90,ML Risk Assessment,Risk assessment models for customer profiling,"FICO, SAS Risk Models, Custom Risk Models",PT-009,Real-Time ML Scoring Pattern,Real-time risk assessment with Feature Store.
226,Risk Prediction,95,ML Risk Forecasting,ML models for risk prediction,"SAS Risk, Custom Predictive Models",PT-014,Batch Prediction Pattern,Batch risk prediction with governance.
172,Risk Scoring,72,Ensemble Risk Scoring,Risk scoring algorithms and models,"FICO Score, Custom Risk Models, SAS Risk",PT-010,Champion/Challenger Testing Pattern,Champion/Challenger risk scoring validation.
234,Risk Templates,98,GenAI Risk Narratives,Templates for risk reporting and narratives,"Custom Risk Templates, Regulatory Templates",PT-006,Multi-Model Routing,Multi-Model Routing for risk narratives.
310,Risk-based Testing,133,Risk-based Sampling,Risk-based test selection,"Custom Risk-based Testing, Audit Sampling",PT-014,Batch Prediction Pattern,Batch risk-based sampling optimization.
360,RL Framework,154,Reinforcement Learning,Reinforcement learning framework,"Ray RLlib, Custom RL Framework",PT-010,Champion/Challenger Testing Pattern,Champion/Challenger with RL strategy optimization.
154,Root Cause Engine,64,AI Debugging,Engine for identifying root causes,"Custom RCA Engine, ServiceNow",PT-007,Agentic AI Pattern,Agentic AI root cause analysis with autonomous debugging.
98,Routing Engine,42,ML Intelligent Routing,Intelligent routing system for contact center,"Genesys Routing, Nice Routing, Custom ML Routing",PT-009,Real-Time ML Scoring Pattern,Real-time ML routing with Feature Store agent features.
62,RPA Platform,29,RPA Integration,Robotic Process Automation platform,"UiPath, Automation Anywhere, Blue Prism, Power Automate",PT-007,Agentic AI Pattern,Agentic AI replacing RPA with intelligent automation.
252,RPA Platform,107,RPA Incident Resolution,RPA platform for automation,"UiPath, Power Automate, Automation Anywhere",PT-007,Agentic AI Pattern,Agentic AI for autonomous incident resolution.
59,Rule Engine,27,ML Validation Models,Business rules engine for validation,"Drools, AWS Step Functions, Custom Rules Engine",PT-011,Intelligent Document Processing (IDP),IDP rule engine with validation checks.
181,Rule Learning,75,AI-Enhanced Rule Engine,ML-based rule learning and generation,"Custom ML Rule Learner, AutoML Rule Generation",PT-007,Agentic AI Pattern,Agentic AI for autonomous rule generation.
76,Rules Engine,34,Real-time Decisioning Engine,Business rules engine for decision logic,"Drools, FICO Blaze Advisor, Custom Rules",PT-009,Real-Time ML Scoring Pattern,Real-time rules engine with ML optimization.
180,Rules Engine,75,AI-Enhanced Rule Engine,Business rules engine with AI enhancement,"Drools, FICO Blaze, Custom Rules",PT-007,Agentic AI Pattern,Agentic AI enhanced rules engine.
293,Rules Engine,125,Rule-based Decisioning,Rules engine for decisioning,"Drools, FICO Blaze, Custom Rules Engine",PT-009,Real-Time ML Scoring Pattern,Real-time rules with Explainability integration.
309,Sampling Algorithm,133,Risk-based Sampling,Risk-based sampling algorithms,"Custom Sampling, Statistical Sampling",PT-014,Batch Prediction Pattern,Batch risk-based sampling.
174,Sanctions Screening,73,Sanctions DB Integration,Sanctions list screening service,"Dow Jones, Refinitiv World-Check, OFAC API, Accuity",PT-001,Enterprise AI Governance Platform,Governance sanctions screening with audit trails.
39,Score Calculation,19,Credit Scoring ML,Engine for calculating risk scores,"Custom Scoring Engine, FICO Decision Engine",PT-009,Real-Time ML Scoring Pattern,Real-time score calculation with Explainability.
134,Search Engine,56,Semantic Search,Full-text and semantic search engine,"Elasticsearch, Azure AI Search, Solr",PT-005,Retrieval-Augmented Generation (Self-Reflective RAG),Self-Reflective RAG hybrid search engine.
147,Security Scanning,61,AI Code Review,Security vulnerability scanning,"Snyk, Checkmarx, GitHub Advanced Security, Veracode",PT-008,Multi-Agent Orchestration,Multi-Agent Security Agent for vulnerability scanning.
124,Security Templates,51,GenAI Security Reports,Pre-built templates for security reporting,"Custom Security Templates, NIST Templates, ISO Templates",PT-006,Multi-Model Routing,Multi-Model Routing for security report generation.
373,Segment Strategy,159,GenAI Campaign Strategy,Segment-specific strategy generation,"Custom Strategy Generator, LLM-based Planning",PT-006,Multi-Model Routing,Multi-Model Routing for campaign strategy.
367,Segmentation,157,Customer Segmentation ML,Customer segmentation models,"RFM Analysis, ML Segmentation, Custom Models",PT-014,Batch Prediction Pattern,Batch customer segmentation.
94,Sentiment Analysis,40,NLP Intent & Sentiment,Service for analyzing sentiment in text,"Azure AI Language, AWS Comprehend, Custom Sentiment Model",PT-013,Conversational AI Pattern,Conversational AI sentiment for escalation triggers.
267,Sentiment Analysis,113,Sentiment Analysis Dashboard,Sentiment analysis on news and communications,"Custom Sentiment Models, Azure Text Analytics",PT-017,Observability and Monitoring Pattern,Observability sentiment tracking dashboards.
257,Service Management,108,ITSM Integration,IT Service Management platform,"ServiceNow, BMC Remedy, Jira Service Management",PT-017,Observability and Monitoring Pattern,Observability ITSM integration.
365,Settlement Calculation,156,Settlement Offer ML,Settlement amount calculation,"Custom Settlement Logic, ML-based Calculation",PT-014,Batch Prediction Pattern,Batch settlement optimization.
112,SIEM Connector,47,SIEM Integration,Connector for SIEM systems,"Microsoft Sentinel Connector, Splunk Connector, QRadar Connector",PT-015,Event-Driven Architecture,Event-driven SIEM integration.
246,Similarity Engine,104,Similarity Analysis,Similarity matching engine for finding related items,"Custom Similarity Engine, Elasticsearch KNN",PT-005,Retrieval-Augmented Generation (Self-Reflective RAG),Self-Reflective RAG similarity matching.
229,Simulation Engine,96,Monte Carlo Simulation,Monte Carlo simulation engine for risk modeling,"@RISK, Crystal Ball, Python Monte Carlo",PT-014,Batch Prediction Pattern,Batch Monte Carlo simulation.
100,Skill Matching,42,ML Intelligent Routing,Algorithm for matching requests to agent skills,"Custom Skill Matcher, Genesys Skill-based Routing",PT-009,Real-Time ML Scoring Pattern,Real-time skill matching with Feature Store.
250,SLA Monitoring,106,Predictive SLA Analytics,SLA monitoring and tracking,"ServiceNow SLA, Custom SLA Monitor",PT-017,Observability and Monitoring Pattern,Observability SLA monitoring dashboards.
118,SOAR Platform,49,AI-powered SOAR,Security Orchestration Automation and Response platform,"Microsoft Sentinel SOAR, Palo Alto Cortex XSOAR, Splunk SOAR",PT-007,Agentic AI Pattern,Agentic AI SOAR with tool orchestration.
276,Sourcing Optimization,117,ML Spend Analytics,Sourcing strategy optimization,"Coupa, SAP Ariba, Custom Optimization",PT-014,Batch Prediction Pattern,Batch sourcing optimization.
275,Spend Analysis,117,ML Spend Analytics,Spend analysis and categorization,"Coupa Analytics, SAP Ariba, Custom Analysis",PT-014,Batch Prediction Pattern,Batch spend analysis with Feature Store features.
286,Spend Analytics,122,Real-time Spend Dashboard,Real-time spend analytics and reporting,"Coupa Analytics, Power BI, Custom Analytics",PT-017,Observability and Monitoring Pattern,Observability real-time spend dashboards.
25,SQL Generation,13,Natural Language Query (NLQ),Automated SQL query generation from natural language,"LLM-based SQL Generation, Text-to-SQL Engine",PT-013,Conversational AI Pattern,Conversational AI SQL generation with RAG context.
145,Static Analysis,61,AI Code Review,Static code analysis for quality and security,"SonarQube, Checkmarx, Veracode, CodeQL",PT-008,Multi-Agent Orchestration,Multi-Agent Code Review Agent.
85,Statistical Analysis,37,A/B Testing Framework,Statistical analysis tools for experiment evaluation,"R, Python SciPy, AWS ML, Custom Statistical Tools",PT-010,Champion/Challenger Testing Pattern,Champion/Challenger statistical testing (p<0.05).
159,Story Generation,66,GenAI User Story Elaboration,Automated user story generation from requirements,"Custom LLM-based Generator, Productboard",PT-006,Multi-Model Routing,Multi-Model Routing for story generation.
361,Strategy Optimization,154,Reinforcement Learning,Strategy optimization using RL,"Custom RL Strategy, Multi-armed Bandit",PT-010,Champion/Challenger Testing Pattern,Champion/Challenger with RL optimization.
10,Stream Processing,4,Real-time Alerting with ML,Real-time data streaming and event processing,"Apache Kafka, AWS Kinesis, Apache Flink, Spark Streaming",PT-016,Stream Processing Pattern,2025 Stream Processing with Flink/Kafka Streams. Windowing. <10ms latency.
230,Stress Testing,96,Monte Carlo Simulation,Stress testing scenarios and execution,"SAS Risk, Custom Stress Testing",PT-014,Batch Prediction Pattern,Batch stress testing with simulation.
337,Stress Testing,144,Portfolio Analytics Dashboard,Portfolio stress testing,"SAS Risk, Custom Stress Testing",PT-017,Observability and Monitoring Pattern,Observability stress testing dashboards.
95,STT Service,41,Speech-to-Text,Speech-to-Text transcription service,"Azure Speech Services, AWS Transcribe, Google Speech-to-Text",PT-013,Conversational AI Pattern,Voice-first Conversational AI transcription.
60,Summarization,28,GenAI Document Summarization,LLM-based document summarization service,"Azure OpenAI GPT, Anthropic Claude, Custom Summarization",PT-005,Retrieval-Augmented Generation (Self-Reflective RAG),Self-Reflective RAG summarization with policy validation.
282,Supplier Assessment,120,Supplier Risk Scoring,Supplier risk assessment framework,"D&B, Custom Supplier Assessment",PT-003,Feature Store (Dual-Store),Feature Store for supplier risk features.
106,System Integration,44,CRM Integration,Integration middleware for system connectivity,"MuleSoft, Azure Logic Apps, Dell Boomi, Custom Integration",PT-001,Enterprise AI Governance Platform,Governance system integration with audit trails.
219,System Integration,91,Workflow Automation Integration,System integration middleware,"MuleSoft, Dell Boomi, Azure Logic Apps",PT-007,Agentic AI Pattern,Agentic AI system integration with orchestration.
105,Telephony API,44,CRM Integration,API for telephony system integration,"Twilio API, Genesys Cloud API, Nice CXone API",PT-013,Conversational AI Pattern,Conversational AI telephony integration.
20,Template Manager,10,Automated Report Generation,System for managing report templates,"Template Management Service, Version Control System",PT-008,Multi-Agent Orchestration,Multi-Agent Reporting Agent template management.
305,Test Automation,131,RPA Test Automation,Automated test execution,"UiPath Test Suite, Selenium, Custom Automation",PT-008,Multi-Agent Orchestration,Multi-Agent Testing Agent for automated execution.
149,Test Case Generation,62,GenAI Test Generation,Automated test case generation,"Custom LLM-based Generator, Diffblue Cover",PT-008,Multi-Agent Orchestration,Multi-Agent Testing Agent for test generation.
148,Test Framework,62,GenAI Test Generation,Testing framework for automated tests,"JUnit, PyTest, NUnit, Jest",PT-008,Multi-Agent Orchestration,Multi-Agent Testing Agent with CI/CD integration.
311,Test Optimization,133,Risk-based Sampling,Optimization of test coverage,"Custom Optimization, ML-based Selection",PT-014,Batch Prediction Pattern,Batch test optimization.
312,Test Script Generator,134,GenAI Test Script Generation,Automated test script generation,"Custom LLM Generator, Test Generation Tools",PT-006,Multi-Model Routing,Multi-Model Routing for test scripts.
54,Text Extraction,25,OCR Engine,Service for extracting text from documents,"Apache Tika, Azure Text Analytics, Custom Extraction",PT-011,Intelligent Document Processing (IDP),IDP text extraction with 99% accuracy.
200,Text Mining,84,NLP Unstructured Data,Text mining and analysis tools,"Azure Text Analytics, spaCy, NLTK, Custom NLP",PT-011,Intelligent Document Processing (IDP),IDP text mining for evidence analysis.
115,Threat Intel Feeds,48,Threat Intelligence Enrichment,External threat intelligence data feeds,"MISP, Recorded Future, CrowdStrike, AlienVault OTX",PT-003,Feature Store (Dual-Store),Feature Store for threat indicator features.
110,Threat Intelligence,46,Deep Learning Threat Detection,Threat intelligence feeds and databases,"Microsoft Threat Intelligence, Recorded Future, CrowdStrike",PT-003,Feature Store (Dual-Store),Feature Store threat intelligence enrichment.
244,Ticket Classifier,102,NLP Ticket Classification,ML classifier for support tickets,"Custom BERT Classifier, ServiceNow Virtual Agent",PT-013,Conversational AI Pattern,Conversational AI ticket classification.
122,Traffic Analysis,50,Network Traffic Analysis AI,Deep packet inspection and traffic analysis,"Darktrace, Vectra AI, Azure Network Watcher",PT-016,Stream Processing Pattern,Stream Processing for traffic analysis.
202,Transaction Analysis,85,Real-time Transaction Monitoring,Real-time transaction analysis and scoring,"FICO Falcon, Custom Transaction Analysis",PT-009,Real-Time ML Scoring Pattern,Real-time transaction analysis with 200-300ms latency.
166,Transaction Monitoring,70,ML Transaction Monitoring,Real-time transaction monitoring for suspicious activity,"FICO Falcon, ACI, SAS Transaction Monitoring, Custom System",PT-009,Real-Time ML Scoring Pattern,Real-time transaction monitoring. Tier 1 regulatory.
97,Transcription API,41,Speech-to-Text,API for real-time and batch transcription,"Azure Speech API, AWS Transcribe API, AssemblyAI",PT-013,Conversational AI Pattern,Conversational AI transcription with real-time processing.
379,Trigger Management,162,Real-time Personalization,Event trigger management,"Custom Trigger Engine, Event Processing",PT-015,Event-Driven Architecture,Event-driven trigger management.
107,UEBA Platform,45,User & Entity Behavior Analytics (UEBA),Platform for user and entity behavior analytics,"Microsoft Sentinel UEBA, Splunk UBA, Exabeam",PT-009,Real-Time ML Scoring Pattern,Real-time UEBA with Stream Processing.
243,Unified Platform,101,GRC Platform Integration,Unified GRC platform,"ServiceNow GRC, SAP GRC, MetricStream",PT-001,Enterprise AI Governance Platform,Governance unified GRC platform.
157,Update Automation,65,Dependency Management AI,Automated dependency update service,"Dependabot, Renovate, Azure DevOps",PT-008,Multi-Agent Orchestration,Multi-Agent Security Agent for dependency updates.
58,Validation Framework,27,ML Validation Models,Framework for validating data quality,"Great Expectations with ML, Custom Validation Framework",PT-011,Intelligent Document Processing (IDP),IDP validation with document forensics.
182,Validation Framework,75,AI-Enhanced Rule Engine,Framework for rule validation and testing,"Custom Validation Framework, Rule Testing Harness",PT-007,Agentic AI Pattern,Agentic AI rule validation and testing.
129,Validation Rules,54,ML Data Quality,Rule engine for data validation,"Great Expectations, Custom Validation, Azure Data Quality",PT-017,Observability and Monitoring Pattern,Observability data validation with drift detection.
86,Variant Management,37,A/B Testing Framework,Management of test variants and configurations,"LaunchDarkly, Optimizely, Custom Variant Manager",PT-010,Champion/Challenger Testing Pattern,Champion/Challenger variant management.
380,Variant Optimization,163,ML Variant Optimization,ML-based variant optimization,"Bayesian Optimization, Custom ML Optimization",PT-010,Champion/Challenger Testing Pattern,Champion/Challenger with Bayesian optimization.
2,Vector Database,1,RAG (Retrieval Augmented Generation),Specialized database for storing vector embeddings,"Pinecone, Weaviate, Chroma, Qdrant, MongoDB Atlas Vector Search",PT-005,Retrieval-Augmented Generation (Self-Reflective RAG),Self-Reflective RAG vector database with hybrid search support.
132,Vector Search,56,Semantic Search,Vector-based semantic search engine,"Azure AI Search, Elasticsearch with Vector, Pinecone",PT-005,Retrieval-Augmented Generation (Self-Reflective RAG),Self-Reflective RAG hybrid search (dense + sparse).
141,Version Control,59,DataOps with CI/CD,Version control system for code and configurations,"Git, Azure Repos, GitHub, GitLab",PT-002,MLOps Level 2+ with Governance,MLOps Level 2+ version control with governance.
377,Visual AI,161,Computer Vision Image AI,Visual AI for image analysis and generation,"Azure Computer Vision, Custom Visual AI",PT-006,Multi-Model Routing,Multi-Model Routing for multi-modal visual content.
348,Visual Content,149,Text-to-Media Generation,Visual content generation,"Canva, Adobe Express, AI Image Generators",PT-006,Multi-Model Routing,Multi-Model Routing for visual content generation.
23,Visualization Service,11,BI Visualization Integration,Service for creating data visualizations,"D3.js, Chart.js, Power BI Embedded, Tableau Embedded",PT-017,Observability and Monitoring Pattern,Observability visualization with real-time dashboards.
156,Vulnerability DB,65,Dependency Management AI,Database of known vulnerabilities,"CVE Database, NVD, Snyk Vulnerability DB",PT-018,Security and Privacy Pattern,Security & Privacy vulnerability database.
205,Workflow Automation,86,Case Management Integration,Workflow automation for case processing,"ServiceNow, Pega, Power Automate",PT-007,Agentic AI Pattern,Agentic AI workflow automation.
217,Workflow Connector,91,Workflow Automation Integration,Connectors to workflow systems,"Fenergo API, Pega API, Custom Connector",PT-007,Agentic AI Pattern,Agentic AI workflow connector.
63,Workflow Engine,29,RPA Integration,Engine for orchestrating business process workflows,"Camunda, Azure Logic Apps, AWS Step Functions, Temporal",PT-007,Agentic AI Pattern,Agentic AI workflow orchestration.
273,Workflow Orchestration,116,Agentic AI Orchestration,Orchestration of multi-agent workflows,"Apache Airflow, Temporal, Custom Orchestration",PT-008,Multi-Agent Orchestration,Multi-Agent workflow orchestration.
65,Workflow Routing,30,Human-in-the-Loop,System for routing tasks to human reviewers,"Custom Workflow System, ServiceNow, Pega",PT-011,Intelligent Document Processing (IDP),IDP workflow routing for HITL exceptions.
245,Workload Distribution,103,ML Skill Matching,Workload balancing and distribution,"Custom Load Balancer, ServiceNow Workload",PT-009,Real-Time ML Scoring Pattern,Real-time workload distribution.
49,XAI Framework,24,Explainable AI (XAI),Framework for explaining ML model predictions,"SHAP, LIME, Azure Responsible AI, AWS SageMaker Clarify, DiCE, InterpretML",PT-004,ML Model Explainability (SHAP/LIME),MANDATORY SHAP/LIME with counterfactual generation. 7+ year audit trail.
