ID,AI Use Case ,Description (DO NOT CHANGE THIS),Improved Description,Ambiguous / Need More Information,Enterprise Architect,FTE ,,Category,Anticipated Benefits,Anticipated Value,AI Solution Assumption (See other columns for dependencies including interfaces and data needs),Likely other slate Initiatives impacted,Platforms impacted/required,Dependencies,Comments / Questions,AI Type (select),Infrastructure Needs (select),Data Inputs (select),Indicative Data Inputs (description),Data Outputs (select),Indicative Data Outputs (description),Integration Complexity (select),Deployment Pattern (select),Volume/Scale (select),Licensing Model (select),Maturity/Risk (select),Governance Requirements (select),Desirability? (select),"Viability? 
(Is this doable? Select)","Feasibility? (descriptive)
(How easily can we do it given what we know?)",,,,
1,FrontLine - Partnership Banking,"GenAI-driven RM solutions provide banks with a competitive edge by deepening banker-customer relationships, thereby optimizing customer interactions, improving engagement, and streamlining service delivery.","AI-powered relationship management tool that helps relationship managers strengthen customer connections through intelligent insights, automated meeting preparation, personalized recommendations, and proactive engagement strategies.",No,"Shawn Cawood 
Dan Barratt
Hugh Walcott (knowledge)
Sarah Amundsen (customer engagement)",,,Customer & Relationship Management,Increased revenue through improved cross-sell/upsell effectiveness; Enhanced customer satisfaction and retention; Reduced relationship manager preparation time; Improved customer lifetime value; Better risk identification and proactive engagement.,High,"AI-powered relationship management platform integrating LLM with CRM systems and data sources. Solution includes: 1) RAG (Retrieval Augmented Generation) for customer insights synthesis, 2) Predictive analytics for next best actions, 3) GenAI for meeting prep and communication drafting, 4) Real-time alerts using ML models for relationship health monitoring.","Customer Engagement
Customer 360","Colleague Digital
Conversational Banking
Customer Engagment
Enterprise Information Management ",Salesforce?,Assume this includes access to knowledge base (Te Kete),Embedded/Vendor AI (in commercial software),,,"Customer profiles, transaction history, interaction logs, product holdings, financial statements, market data, relationship tenure, communication preferences, calendar/meeting data, CRM records",,"Personalized recommendations, next best action suggestions, customer insights summaries, meeting preparation briefs, relationship health scores, cross-sell/upsell opportunities, automated communication drafts, risk alerts",,,,,,,,,,,,,
2,Finance,"Transform raw financial data into well-structured reports (e.g., P&L, balance sheets, variance analysis)","AI-augmented financial reporting system that automatically transforms raw financial data into comprehensive reports including P&L statements, balance sheets, and variance analysis with intelligent narrative explanations and anomaly detection.",No,"Brian Stapleton
Tracey Davis",,,Finance & Accounting,Reduced month-end close time; Improved accuracy and reduced manual errors; Faster decision-making with real-time insights; Enhanced regulatory compliance; Reduced FTE costs in financial reporting.,High,"AI augmented  financial reporting. Components include: 1) Access to data products and data models by AI agents, 2) GenAI for narrative generation and variance explanations, 3) Anomaly detection ML models for data quality checks, 4) Automated report generation with natural language summaries, 5) Integration with Power BI for visualization.","Finance Transformation 
Data Modernisation","Finance
Data & Analytics
Enterprise Reporting
Regulatory Reporting",Legacy Finance Data Stores; Enterprise Interfaces,"Need to ensure Fabric ingestion model is approved through TAF

BJS: I have not seen this experiment, however S4HANA will include SAC (SAP Analytics Cloud) which will address much of the operational month reporting and reduce the month end close. This is already in scope and will be delivered by the project October 2026. The experiment would need to export significant amounts of data from ODM to another data warehouse (Fabric?) and create a new set of reports which are already done in ODM, plus reconciling from the ODM to the new Fabric warehouse. ",,,,"General ledger data, trial balance, chart of accounts, transaction records, budget data, prior period financials, cost center allocations, journal entries, reconciliation records, regulatory filings",,"Formatted P&L statements, balance sheets, variance analysis reports, trend visualizations, anomaly alerts, narrative explanations of variances, predictive forecasts, executive summaries, regulatory compliant reports",,,,,,,,,,,,,
3,Analytics and Reporting,"AI builds on BI by turning historical data into proactive guidance, predictions, and optimisation","Natural language analytics platform that enables users to query data conversationally, receive predictive insights and forecasts, and get automated recommendations—transforming reactive reporting into proactive decision-making.",No,Tracey Davis,,,Data & Analytics,Democratized data access reducing analyst dependency; Proactive decision-making with predictive capabilities; Reduced report generation time from days to minutes; Improved business agility and responsiveness; Enhanced data-driven culture across organization.,High,"AI-augmented analytics leveraging Snowflake with: 1) Natural language query interface (NLQ) using LLMs for conversational analytics, 2) Predictive ML models (time series forecasting, classification), 3) AutoML for citizen data scientists, 4) GenAI for automated insight generation and narrative explanations, 5) Semantic layer for unified data access, 6) Integration with Fivetran for data ingestion.",Data Modernisation,"Data & Analytics
Enterprise Reporting
Regulatory Reporting
Data & Information Protection","Dependent on Data modernisation, snowflake and fivetran in prior to this acceleration. Or is this something we use against Hadoop",,,,,"Historical transaction data, customer behavior patterns, product performance metrics, operational KPIs, market indicators, seasonal trends, external economic data, business rules, dimensional models",,"Predictive insights, trend forecasts, automated dashboards, natural language summaries, optimization recommendations, anomaly detection alerts, what-if scenario analysis, prescriptive actions, self-service analytics via NL queries",,,,,,,,,,,,,
4,Credit Risk,"GenAI-driven Credit Risk solutions empower banks with data-driven decision-making, operational efficiency, and risk-optimized lending. By integrating AI into credit risk processes  banks can accelerate approvals, improve risk monitoring and credit portfolio management thereby driving profitability while ensuring compliance and customer-centric services.","AI-driven credit assessment platform that accelerates loan approvals through advanced risk scoring, alternative data analysis, and explainable credit decisions—enabling faster approvals, better risk pricing, and continuous portfolio monitoring.",No,Paul Furkert,,,Risk Management,Reduced credit losses through better risk assessment; Faster loan approval times improving customer experience; Optimized pricing increasing profitability; Enhanced portfolio monitoring reducing defaults; Improved regulatory compliance and capital efficiency.,High,"AI-driven credit decisioning platform with: 1) Advanced ML models for credit scoring and probability of default, 2) Alternative data analytics for enhanced risk assessment, 3) GenAI for credit narrative generation and explanation, 4) Real-time monitoring using streaming analytics, 5) Ensemble models for portfolio risk aggregation, 6) Explainable AI for regulatory compliance and transparency.",Credit Decisioning Models,"Credit Modelling, Pricing & Decisioning
Group Credit Risk",,Need to clarify if this is limited to the credit risk context or if there is a need for data from other sources,,,,"Credit applications, financial statements, credit bureau reports, payment history, debt-to-income ratios, collateral valuations, industry sector data, macroeconomic indicators, existing exposure data, behavioral data, credit policies",,"Credit scores, risk ratings, approval/rejection decisions, risk-adjusted pricing recommendations, portfolio risk metrics, early warning alerts, exposure limits, credit narratives, stress test results, compliance reports",,,,,,,,,,,,,
5,Lending Ops,"AI Document Processing for Loan Applications & Compliance , credit assesment post settlement checks ","Intelligent document processing system that automates loan application handling through AI-powered data extraction, validation, and compliance checking—reducing processing time, improving accuracy, and accelerating customer approvals.",No,Paul Furkert/Angus Cotton,,,Lending & Credit Operations,Processing time reduction for loan applications; Improved accuracy reducing rework; Enhanced compliance with automated validation; Reduced operational costs; Faster time-to-yes improving customer satisfaction,High,"Intelligent document processing solution using: 1) OCR for data extraction, 2) NLP models for document classification and entity recognition, 3) ML validation models for data accuracy and completeness checks, 4) GenAI for document summarization and compliance narrative generation, 5) RPA integration for workflow automation, 6) Human-in-the-loop for exception handling","Customer 360
Home Loan Top Ups (?)","Lending origination
Enterprise Information Management (DocMan)",,,,,,"Loan applications (PDFs/scans), identity documents, income verification documents, property valuations, legal contracts, compliance checklists, settlement documents, supporting financial records, email communications",,"Extracted data fields, document classification tags, compliance validation status, missing document alerts, risk flags, automated summaries, post-settlement verification reports, exception notifications, audit trails",,,,,,,,,,,,,
6,HyperPersonalization,"Generative AI enables new customer relevance through a reinvention of marketing, sales, and service experiences","Real-time personalization engine that delivers individualized customer experiences through AI-generated content, dynamic offers, and predictive recommendations—creating relevant interactions at every touchpoint to drive engagement and conversion.",No,Corina Elama,,,Marketing & Personalization,Increased campaign conversion rates; Higher customer engagement and satisfaction scores; Improved product adoption; Reduced customer churn; Enhanced brand loyalty and NPS scores,High,"Real-time personalization engine with: 1) Customer data platform as source of unified customer view, 2) ML recommendation models (collaborative filtering, deep learning) for next best offer, 3) GenAI for personalized content creation at scale, 4) Real-time decisioning engine for dynamic offers, 5) Multi-armed bandit algorithms for offer optimization, 6) Journey orchestration platform integration, 7) A/B testing framework for continuous improvement.","Customer Engagement
Customer 360","Customer Digital
Customer Engagement
Marketing & Campaign management",Data ingestion  ,"Is this AI part of Pega CDH or we envision something separate? If it is separate capability, then we need to consider integration into CDH. ",Generative AI (content creation),Unclear at this time,,"Customer demographics, transaction patterns, channel preferences, life events, product usage data, browsing behavior, campaign response history, sentiment analysis, external context (weather/events), real-time triggers",,"Personalized offers, targeted campaign content, individualized product recommendations, dynamic pricing, customized communication timing, micro-segment assignments, propensity scores, journey orchestration decisions, A/B test variants",,,,,,,,,,,,,
7,Contact Centre,"Generate a call summary, using the captured transcription of each call. Agent-assist features, surfacing relevent knowlege and customer information, based on the realtime call. Customer-assist self-service features, enabling an natural and open conversaitons using a Conversational AI tool","AI-powered contact center solution featuring conversational virtual agents for self-service, real-time agent assistance with intelligent knowledge surfacing, automated call summarization, and smart routing—reducing handle time while improving resolution rates and customer satisfaction.",No,Dan Barratt,,,Customer Service & Support,Reduced average handle time; Improved first call resolution; Enhanced customer satisfaction (CSAT) scores; Reduced agent training time; Lower operational costs through automation of inquiries,High,"AI-powered contact center solution with: 1) Conversational AI virtual agents for tier-1 support automation, 2) Real-time agent assist using LLMs with RAG over knowledge base, 3) NLP for intent classification and sentiment analysis, 4) Speech-to-text transcription and analytics, 5) ML models for intelligent routing and queue optimization, 6) Quality monitoring using AI for compliance and coaching, 7) Integration with CRM and telephony platforms.",Digital Modernisation,Conversational Banking,"1) Customer self-service features require access to customer and account APIs, as well as access to public knowledge articles
2) Requires an uplift in Conversational platform operations team, to monitor and tune AI performance",,Embedded/Vendor AI (in commercial software),Cloud API only,Real-time data feeds needed,"Call transcripts, chat logs, customer history, IVR interactions, knowledge base articles, product documentation, agent notes, escalation records, sentiment signals, hold time data, resolution outcomes",Unclear at this time,"Call summaries, sentiment scores, intent classification, next best responses, automated resolutions, agent assist suggestions, quality scores, coaching recommendations, FAQs, knowledge gaps, customer satisfaction predictions, routing decisions",High (6+ systems or complex workflows),Unclear at this time,"Usage frequency (Daily, Weekly, On-demand)",Consumption-based (tokens/API calls),Proven/low risk,Unclear at this time,Yes,Yes,Yes,,,,
8,Security AI,"use of AI to identify threats earlier and with higher accuracy than traditional tools by analysing large volumes of network, endpoint, and user data in real time","AI-driven security operations platform that analyzes network, endpoint, and user behavior in real-time to detect threats faster and more accurately than traditional tools—reducing detection time, preventing breaches, and minimizing false positives.",No,"Francis Kataino
Mike Thompson 
John Marshall",,,Cybersecurity & Threat Detection,Reduced threat detection time from hours to minutes; reduction in false positives; Prevented potential losses from cyber attacks; Enhanced regulatory compliance and risk management; Improved security team efficiency.,High,"AI-driven security operations platform with: 1) ML-based user and entity behavioranalytics for anomaly detection, 2) Deep learning models for threat pattern recognition and zero-day detection, 3) Integration with SIEM  for log correlation, 4) Automated threat intelligence enrichment, 5) AI-powered Security Orchestration, Automation and Response (SOAR), 6) Network traffic analysis using AI, 7) GenAI for security report generation and incident summarization.",Cyber Uplift,"Cyber Threat Intelligence Detection and Response
Enterprise Data and Information Protection
Application & Infrastructure Protection
Core Network Management",,Does this differ to Wiz investment?or does it need other end point detection to be in place?,,,,"Network traffic logs, endpoint activity, authentication events, firewall logs, SIEM alerts, vulnerability scans, user behavior patterns, threat intelligence feeds, system configurations, access logs, email metadata, DNS queries",,"Threat detection alerts, risk scores, attack pattern identification, anomaly reports, automated response actions, incident prioritization, threat hunting insights, security posture assessments, remediation recommendations, false positive reduction, IOC lists",,,,,,,,,,,,,
9,Data Products,Extend GenAI intervention to accelerate data product creation,"AI-accelerated data product platform that automates data pipeline creation, documentation, and quality validation using GenAI—reducing development time, improving data consistency, and enhancing discoverability for faster time-to-insight.",No,Tracey Davis,,,Data & Analytics,Accelerated data product delivery; Improved data quality and consistency; Enhanced data discoverability and reusability; Reduced time-to-insight for business users; Lower data engineering costs.,High,"AI-accelerated data product platform with: 1) GenAI for automated data model and pipeline code generation from business requirements, 2) ML-powered data quality profiling and validation, 3) Automated documentation generation using LLMs, 4) Semantic search over data catalog for discovery, 5) GenAI for data contract and API specification generation, 6) Metadata management with AI-driven tagging and classification, 7) DataOps automation with CI/CD pipelines.",Data Modernisation,"Data & Analytics
Enterprise Rerporting
Regulatory Reporting",Data ingestion spreadsheet showing the key subject areas. ,Is the scope the use of Snowflake Cortex; or does it go beyond that into enterprise agentic?,Generative AI (content creation),,,"Business requirements, data source metadata, schema definitions, data quality rules, data lineage, existing data models, governance policies, user access patterns, data catalog content, technical documentation",,"Data product specifications, automated data pipelines, data quality checks, documentation, API definitions, sample datasets, data models, metadata tags, usage analytics, data contracts, discovery content, observability metrics",,,,,,,,,,,,,
10,SDLC,"GenAI can automate key SDLC tasks, enhancing productivity, and reducing costs. By integrating GenAI, banks can accelerate time-to-market, improve code quality, enhance security, and reduce development overhead","AI-powered development platform that enhances developer productivity through intelligent code generation, automated testing, security analysis, and documentation—accelerating delivery, improving code quality, and reducing technical debt across 500+ domain teams.",No,Glenn Bellam,,,Software Development & Engineering,Developer productivity increased; Faster time-to-market; Reduced bugs and security vulnerabilities; Improved code quality and maintainability; Lower technical debt accumulation.,High,"AI-powered development platform featuring: 1) GitHub Copilot (or equivalent) for code generation and completion, 2) AI code review tools for quality and security analysis, 3) Automated test generation using GenAI, 4) Documentation generation from code and comments, 5) AI-assisted debugging and root cause analysis, 6) Automated dependency management and vulnerability scanning, 7) GenAI for user story elaboration and acceptance criteria generation.",tbc,Engineering Automation & Software,Github Copilot,Huge impact as it will change the way we develop software for our 500+ domain teams,Dev/Code AI,,Uses existing data sources,"Source code repositories, user stories, requirements documents, design specifications, test cases, deployment logs, code review comments, security scan results, performance metrics, dependency manifests, architecture diagrams",,"Code suggestions, automated tests, documentation, code reviews, security vulnerability fixes, refactoring recommendations, deployment scripts, API documentation, performance optimization suggestions, technical debt analysis, commit messages",High (6+ systems or complex workflows),Real-time inference,"Usage frequency (Daily, Weekly, On-demand)",Seat-based,Emerging/medium risk,Human-in-the-loop mandatory,Yes,Yes,,,,,
11,Fincrime,"Name screening, OCDD, ECDD and TM narrative writing","AI-powered AML/KYC platform that automates name screening, generates due diligence narratives, and detects suspicious patterns using advanced ML—reducing investigation time, improving accuracy, and ensuring regulatory compliance.",No,Michael Lomas,,,Compliance & Financial Crime,Reduced investigation time; Improved detection accuracy reducing false positives; Enhanced regulatory compliance and audit readiness; Lower operational costs; Faster filing and response times.,High,"AI-powered Anti-Money Laundering (AML) / Know Your Customer (KYC) platform with: 1) Advanced name matching algorithms using fuzzy logic and ML, 2) NLP for adverse media screening and analysis, 3) GenAI for Ongoing Customer Due Diligence (OCDD) / Enhanced Customer Due Diligence (ECDD) narrative generation and Suspicious Activity Report (SAR) writing, 4) ML models for transaction monitoring and pattern detection, 5) Network analysis for beneficial ownership mapping, 6) Risk scoring models using ensemble learning, 7) Integration with sanctions databases and regulatory reporting systems.","FinCrime
Fraud & Scams","FinCrime & Fraud
Customer Master
Domestic Payments
International Payments
Transaction Switch",,,,,,"Customer names, transaction data, sanctions lists, PEP lists, adverse media sources, corporate registries, beneficial ownership data, transaction patterns, geographic risk data, customer due diligence questionnaires, relationship structures",,"Name screening matches, risk scores, OCDD/ECDD reports, transaction monitoring narratives, alert dispositions, SAR filings, customer risk ratings, investigation summaries, compliance documentation, red flag indicators, case recommendations",,,,,,,,,,,,,
12,QA/QC,"Automate data validation, detecting errors, and ensuring compliance with regulatory standards. Prioritizes high-risk cases, generates audit-ready reports, and provides real-time feedback to analysts, reducing manual effort and improving accuracy","Automated quality assurance platform that validates data, detects errors, and ensures regulatory compliance using ML—prioritizing high-risk cases, generating audit-ready reports, and providing real-time feedback to reduce manual effort.",Yes,"Brian Stapleton
Michael Lomas",,,Quality Assurance & Compliance,Reduced manual QA effort; Improved data quality and accuracy; Faster identification of high-risk issues; Enhanced regulatory compliance; Lower operational risk and audit findings.,Medium,"Automated QA platform with: 1) ML models for anomaly and error pattern detection, 2) Rule-based validation engine with AI-enhanced rule generation, 3) Risk scoring algorithms for case prioritization, 4) GenAI for audit report generation and recommendations, 5) Data quality profiling with statistical analysis, 6) Real-time monitoring and alerting system, 7) Integration with regulatory compliance frameworks and data lineage tools.",tbc,"Process, Worklfow and Workforce Automation
Governance, Operational Risk & Compliance
Regulatory Reporting",,"Need to clarify which QA/QC processes are in scope and across which areas in the organisation, e.g. frontline bankers, banking operations etc
BJS: I actually do not know what QA/QC this is referring to and what the Audit Ready Reports are in this context. Is this related to Internal Audit? Or is this related to Risk via GRACE? ",,,,"Data sets to validate, business rules, regulatory requirements, historical error patterns, data quality metrics, schema definitions, reference data, audit logs, quality thresholds, analyst work products",,"Validation results, error reports, data quality scores, compliance status indicators, prioritized issue lists, audit-ready reports, corrective action recommendations, real-time feedback alerts, quality trend analysis, exception handling guidance",,,,,,,,,,,,,
13,Fraud Ops,"AI can support case officers y Summarising customer history, Highlighting suspicious patterns, Automatically pulling evidence from multiple systems","AI-powered fraud investigation platform that assists case officers by automatically summarizing customer history, highlighting suspicious patterns, and gathering evidence from multiple systems—reducing investigation time and preventing fraud losses.",No,Michael Lomas,,,Fraud Detection & Prevention,Reduced fraud investigation time; Prevented fraud losses; Improved detection accuracy; Enhanced case officer productivit; Better customer experience with faster resolution.,High,"AI-powered fraud investigation platform with: 1) ML models for fraud detection and risk scoring, 2) GenAI for automated case summarization and evidence synthesis from multiple systems, 3) Graph analytics for relationship and pattern detection, 4) NLP for unstructured data analysis, 5) Real-time transaction monitoring, 6) Case management integration with automated evidence gathering, 7) Behavioral biometrics and device fingerprinting.","FinCrime
Fraud & Scams","FinCrime & Fraud
Customer Master
Domestic Payments
International Payments
Transaction Switch
Core Banking Ledger
C360",,"Need to confirm which sytems are in scope of the ""multiple systems"" statement",,,,"Transaction history, customer profiles, account activity, device fingerprints, IP addresses, merchant data, fraud rules, historical fraud cases, behavioral patterns, channel data, geolocation data, contact information",,"Customer history summaries, suspicious pattern highlights, fraud risk scores, evidence packages, case investigation briefs, pattern analysis, anomaly alerts, recommended actions, cross-system correlations, investigation timelines, fraud type classifications",,,,,,,,,,,,,
14,Onboarding,"AI streamlines onboarding by automating ID verification, KYC checks, and risk assessment for faster, safer customer activation","Automated KYC/onboarding platform that verifies identity, processes documents, and assesses risk using AI—reducing onboarding time from days to hours, improving conversion rates, and ensuring compliance.",No,Brett Allport,,,Customer Onboarding & KYC,Reduced onboarding time from days to hours; Improved customer experience and conversion rates; Enhanced compliance with automated checks; Lower operational costs; Reduced abandonment rates.,High,"Automated Know Your Customer (KYC) / onboarding platform with: 1) AI-powered ID verification using computer vision and liveness detection, 2) OCR and document classification for KYC document processing, 3) ML-based risk assessment models for customer profiling, 4) Integration with Fenergo/Fenx and Pega for workflow automation, 5) Sanctions and PEP screening using NLP, 6) Biometric authentication for identity verification, 7) Automated compliance validation and audit trail generation.","Digital Modernisation
Onboarding
Enterprise Document Management","Customer Digital
Customer & Party Lifecycle Management
Customer & Party Master
Enterprise Information Management","Fenergo/Fenx, Pega Workflow dependencies","Backoffice verification, not front office onboarding. Ops CDD/KYC",,,,"ID documents (passport/license), proof of address, customer application forms, biometric data, credit bureau reports, sanctions/PEP lists, corporate documents, beneficial ownership data, source of funds documentation, risk questionnaires",,"ID verification results, KYC compliance status, risk assessment scores, customer profiles, onboarding decisions (approve/reject/review), missing information alerts, verification reports, workflow task assignments, audit trails, regulatory reporting data",,,,,,,,,,,,,
15,"Risk functions- Risk Functions - Operational Risk, Market Risk, Liquidity Risk,Model Risk, Compliance Risk Assessment, Tech Risk, Risk Assurance, Enterprise Risk","AI reduces Operational Risk by identifying anomalies, streamlining investigations, and improving the accuracy of risk assessments","Enterprise risk management platform that predicts risk events, detects anomalies, and generates risk reports using AI—enabling faster assessment, improved compliance, better capital optimization, and comprehensive enterprise-wide risk visibility.",No,GAP,,,Risk Management,Improved risk detection reducing losses; Faster risk assessment and response times; Enhanced regulatory compliance and capital optimization; Reduced manual effort; Better enterprise-wide risk visibility and management.,High,"Enterprise risk management platform with: 1) ML models for operational risk event prediction and loss forecasting, 2) Simulation for market and liquidity risk stress testing, 3) Anomaly detection algorithms for control effectiveness monitoring, 4) GenAI for risk narrative generation and regulatory report writing, 5) Real-time risk dashboard with predictive KRIs, 6) Network analysis for interconnected risk identification, 7) Integration with Governance, Risk, and Compliance (GRC) platforms for unified risk view.",tbc,"Governance, Op Risk, Compliance
Treasury Risk
Group Credit Risk
Regulatory Reporting",,,,,,"Loss event data, control test results, market prices, trading positions, liquidity metrics, model performance data, compliance incidents, system vulnerabilities, audit findings, risk registers, exposure data, regulatory requirements",,"Risk metrics and KRIs, anomaly alerts, risk assessment reports, control effectiveness scores, scenario analysis results, risk heat maps, early warning indicators, mitigation recommendations, regulatory reports, model validation results, compliance scorecards",,,,,,,,,,,,,
16,IT Ops - IT Operations  - ,"Evolution of the Ticketing Process and Smart Routing - Incident / Service / Problem  Management, Security , Analytics, Identity and Access Management, Helpdesk, BCM","AIOps platform that transforms IT service management through intelligent ticket routing, automated classification, and AI-generated responses—reducing resolution time, improving SLA compliance, and lowering support costs.",No,John Marshall,,,IT Operations & Service Management,Reduced mean time to resolution (MTTR); Automated resolution of tickets; Improved SLA compliance and user satisfaction; Lower IT support costs; Better workload distribution and resource optimization.,High,"AIOps platform with: 1) NLP for automated ticket classification and intent detection, 2) ML-based intelligent routing using skill matching algorithms, 3) Similarity analysis for finding related incidents and solutions, 4) GenAI for automated response generation using knowledge base RAG, 5) Predictive analytics for SLA breach prevention, 6) RPA for automated resolution of common incidents, 7) Integration with ITSM (ServiceNow) and monitoring tools.",tbc,"IT Asset, Assurance 
& Service Management
Operational Observability",,,,,,"Incident tickets, service requests, system logs, monitoring alerts, CMDB data, historical resolution data, user feedback, SLA definitions, team availability, skill matrices, knowledge base articles, access requests, BCM scenarios",,"Ticket classification, priority assignments, routing decisions, automated resolutions, similar incident matches, root cause analysis, resolution suggestions, SLA predictions, workload distribution, knowledge article recommendations, access decisions, incident reports",,,,,,,,,,,,,
17,FrontLine - CIB,"GenAI-driven RM solutions provide banks with a competitive edge by deepening banker-customer relationships, thereby optimizing customer interactions, improving engagement, and streamlining service delivery.","Corporate and Investment Banking relationship platform that synthesizes corporate intelligence, identifies deal opportunities, and generates client briefings using AI—increasing wallet share, improving win rates, and enhancing relationship manager productivity.",No,"Shawn Cawood, Dan Barratt",,,Customer & Relationship Management,Increased wallet share with corporate clients; Enhanced deal win rates; Improved relationship manager productivity; Better market intelligence and competitive positioning; Reduced client attrition and increased loyalty.,High,"Corporate and Investment Banking (CIB) relationship platform with: 1) LLM-powered corporate intelligence synthesis from financial statements and market data, 2) ML models for deal opportunity identification and pipeline forecasting, 3) GenAI for client briefing and sector report generation, 4) Network analysis for relationship mapping across corporate hierarchies, 5) Competitive intelligence dashboard with sentiment analysis, 6) RAG-based knowledge retrieval for relationship history, 7) Integration with CRM and deal management systems.",tbc,"Colleague Digital
Conversational Banking
Customer Engagment
Enterprise Information Management 
Money Markets",,,,,,"Corporate client profiles, transaction volumes, product usage, financial statements, industry analysis, deal pipelines, market intelligence, relationship hierarchies, communication history, meeting notes, credit facilities",,"Corporate insights, deal opportunities, relationship strategies, market trend analysis, competitive intelligence, risk alerts, product recommendations, client briefing documents, sector reports, pipeline forecasts, engagement plans",,,,,,,,,,,,,
18,Procurement,"Multi-Agent System for the End-to-end Procurement process optimization, from 
planning to goods receipt and invoicing, enhancing operational efficiency and realtime decision-making","Multi-agent procurement platform that optimizes end-to-end procurement through AI workflow automation, spend analysis, contract intelligence, and automated invoice matching—reducing cycle time, cutting costs, and improving supplier management.",No,Brian Stapleton,,,Procurement & Supply Chain,Cost savings through optimized sourcing; Reduced procurement cycle time; Improved supplier performance and risk management; Enhanced spend visibility and control; Lower invoice processing costs.,Medium,"Multi-agent procurement platform with: 1) Agentic AI orchestration for end-to-end procurement workflow automation, 2) ML models for spend analysis and sourcing optimization, 3) NLP for contract analysis and clause extraction, 4) GenAI for RFP generation and supplier communications, 5) Supplier risk scoring using predictive models, 6) OCR and automated invoice matching (3-way match), 7) Real-time spend analytics dashboard, 8) Integration with ERP and P2P systems.","Finance Transformation 
Workday Phase 2","Procurement
Finance
People & Culture",,"BJS: This seems very nebulous. The procurement cycle time is not constrained by system (Coupa) but the processes around it. This will involve majority Coupa and P2P SAP. Supplier Lifecycle work is addressing a number of these processes and streamlining. We also have very limited Coupa support to create these new integrations for data whilst also replacing SAP this year, hence the ability to support this initiative would be very low.  DD&A would need to supply a DevOps team for Coupa to design and build the integrations.  ",,,,"Purchase requisitions, supplier catalogs, contracts, pricing data, spend history, supplier performance metrics, inventory levels, invoices, goods receipts, approval workflows, budget allocations, compliance requirements",,"Purchase recommendations, supplier selections, price optimization, contract analysis, spend analytics, invoice matching results, anomaly alerts, approval routing, budget impact analysis, supplier risk scores, process efficiency metrics, payment schedules",,,,,,,,,,,,,
19,Payment disputes,"Automate and orchestrate the end-to-end lifecycle of card payment disputes across 
two recurrent scenarios: Commercial Dispute and Fraud","Automated dispute resolution platform that manages card payment disputes end-to-end using AI classification, automated evidence gathering, and response generation—reducing resolution time, improving win rates, and enhancing customer satisfaction.",No,GAP - normally Paul Gallen,,,Payments & Dispute Resolution,Reduced dispute resolution time; Improved win rates on chargebacks; Enhanced customer satisfaction with faster resolutions; Lower operational costs; Better compliance with card scheme requirements.,Medium,"Automated dispute resolution platform with: 1) ML classifiers for dispute type identification (commercial vs fraud), 2) Rule-based decisioning engine for validity assessment aligned with card scheme rules, 3) RPA for automated evidence gathering and chargeback filing, 4) GenAI for dispute response generation and customer communication, 5) Predictive models for outcome forecasting, 6) Case management workflow automation, 7) Integration with card networks and core banking systems.","P&M New Transaction Switch
P&M Payments Refurb","Card Issuing
FinCrime & Fraud
Domestic Payments
International Payments
Transaction Switch
Collections & Hardship",,,,,,"Dispute claims, transaction records, cardholder communications, merchant data, card scheme rules, supporting documentation, chargeback reason codes, historical dispute outcomes, customer account history, fraud indicators",,"Dispute classifications, case routing, validity assessments, evidence gathering instructions, chargeback filings, resolution recommendations, customer communications, merchant notifications, outcome predictions, case status updates, reporting metrics",,,,,,,,,,,,,
20,Controls testing - IT and business,,"Continuous controls monitoring platform that automates IT and business control testing through AI-powered test execution, anomaly detection, and evidence collection—enabling continuous monitoring, earlier deficiency detection, and reduced audit costs.",No,tbc - not clear what the scope of this actually is,,,Audit & Controls Testing,Reduced testing effort; Continuous controls monitoring vs periodic testing; Improved control effectiveness and compliance; Earlier detection of control deficiencies; Lower audit costs and faster audit cycles.,Medium,"Continuous controls monitoring platform with: 1) RPA for automated test execution across IT and business controls, 2) ML models for anomaly detection in control performance and transaction patterns, 3) Risk-based sampling algorithms for test selection optimization, 4) GenAI for test script generation from control descriptions, 5) Automated evidence collection and documentation, 6) Dashboard for real-time control effectiveness monitoring, 7) Integration with GRC systems and audit management platforms.",tbc - not clear what the scope of this actually is,tbc - not clear what the scope of this actually is,tbc - not clear what the scope of this actually is,"Does ""controls"" in this context mean Risk Controls?  If not, then what exactly?  Needs more information",,,,"Control frameworks, test procedures, control documentation, system configurations, access logs, transaction samples, previous test results, audit requirements, control matrices, risk assessments, policy documents",,"Test execution results, control effectiveness ratings, deficiency reports, remediation plans, testing schedules, evidence packages, compliance attestations, trend analysis, risk exposure assessments, audit-ready documentation",,,,,,,,,,,,,
21,Wholesale underwriting transformation - CIB,"End-to-end transformation of CIB Risk Underwring process, including: Data Collection 
+ Rating Calculation + Financial Program + Deal Approval + Continuous monitoring.","End-to-end CIB underwriting platform that automates financial spreading, credit rating calculation, and credit memo generation using AI—reducing underwriting time, improving risk-adjusted pricing, and enabling continuous covenant monitoring.",No,"Shawn Cawood, Lee Mauger",,,"Lending & Credit Operations
",Reduced underwriting time; Improved risk-adjusted pricing and profitability; Enhanced portfolio quality with continuous monitoring; Faster deal turnaround improving competitiveness; Lower credit losses through better risk assessment.,High,"End-to-end underwriting platform with: 1) AI-powered financial spreading and data extraction from unstructured documents, 2) ML models for credit rating calculation and PD/LGD estimation, 3) GenAI for credit memo generation and financial analysis narratives, 4) Real-time covenant monitoring using NLP on financial statements, 5) Workflow automation for deal approval process, 6) Pricing optimization models using market data and risk metrics, 7) Portfolio analytics dashboard with stress testing capabilities.",tbc,"Money Market
Core Banking Ledger",,Need more information,,,,"Financial statements, credit applications, industry benchmarks, collateral data, relationship history, market conditions, covenant terms, risk appetite policies, deal structures, regulatory requirements, external ratings",,"Credit ratings, risk assessments, deal recommendations, financial analysis reports, covenant monitoring alerts, approval workflows, pricing guidance, exposure calculations, portfolio impact analysis, continuous monitoring dashboards, credit memos",,,,,,,,,,,,,
22,Learning content prouction,"AI accelerates content creation by generating lessons, quizzes, and summaries tailored to specific roles and needs","AI-powered learning content platform that automatically generates personalized lessons, quizzes, assessments, and visual content from source materials—reducing content creation time, improving training effectiveness, and accelerating time-to-competency.",No,Hugh Walcott,,,Learning & Development,Reduced content creation time; Improved training personalization and effectiveness; Enhanced learning engagement and completion rates; Lower training development costs; Faster time-to-competency for new roles.,Medium,"AI-powered learning content platform with: 1) GenAI for automated lesson and quiz generation from source materials, 2) NLP for content summarization and key concept extraction, 3) ML recommendation engines for personalized learning path creation, 4) Automated assessment generation with adaptive difficulty, 5) Text-to-video/image generation for visual content, 6) Learner analytics for content effectiveness optimization, 7) Integration with LMS platforms for seamless delivery.",tbc,"Enterprise Information Management (knowledge and IP content)
People & Culture (awards and development tracking)",,,,,,"Subject matter documentation, training materials, competency frameworks, role requirements, learning objectives, existing course content, regulatory training requirements, learner performance data, industry best practices",,"Learning modules, quizzes, assessments, training summaries, interactive content, personalized learning paths, video scripts, infographics, knowledge checks, certification materials, progress tracking content, micro-learning nuggets",,,,,,,,,,,,,
23,Collection Management,"AI optimises collections by predicting payment likelihood, prioritising accounts, and recommending the best recovery actions","AI-driven collections platform that predicts payment likelihood, prioritizes accounts, and optimizes contact strategies using ML—improving recovery rates, reducing costs, and enhancing customer treatment through personalized approaches.",No,Paul Furkert,,,Collections & Recovery,Improved recovery rates; Reduced collection costs; Better customer treatment and satisfaction; Optimized collector productivity; Lower write-offs through early intervention and targeted strategies.,Medium,"AI-driven collections platform with: 1) ML models for payment propensity scoring and default prediction, 2) Optimization algorithms for account prioritization and resource allocation, 3) Reinforcement learning for contact strategy optimization, 4) GenAI for personalized communication generation, 5) Predictive models for optimal settlement offer calculation, 6) Customer segmentation using clustering algorithms, 7) Integration with debt management systems and communication channels",Collections Platform,Collections & Hardship,,Arrangement hub?,,,,"Delinquent accounts, payment history, customer financial data, contact history, communication preferences, economic indicators, behavioral patterns, collection strategies, account balances, hardship indicators, legal constraints",,"Payment likelihood scores, account prioritization, contact strategy recommendations, optimal contact timing, channel preferences, settlement offer suggestions, recovery action plans, collection workflow assignments, expected recovery amounts, early intervention triggers",,,,,,,,,,,,,
24,Front-end app personalisation,"Use of GenAI in the mobile app to drive hyper personalisation across 3 main areas in 
order to create an �Uber� like experinece:1) automation of process using GenAI to 
determine message and campaign strategy for different micro segements 2) use of GenAI to automate creation of message content, including varients of each message for different subsegments and personas 3) to identify the right images assocuated to each message within the image library, however over time extended to include generation of personalised and bespoke images","Mobile-first personalization platform that creates an Uber-like experience through AI-generated campaign strategies, personalized message variants for micro-segments, and intelligent image selection/generation—driving app engagement and product adoption.",No,"Corina Elama 
Sarah Amundsen
Brett Allport",,,Marketing & Personalization,Increased app engagement; Higher product adoption through personalized recommendations; Improved NPS and customer satisfaction scores; Reduced marketing campaign costs; Enhanced brand differentiation with Uber-like experience.,High,"Mobile-first personalization platform with: 1) GenAI for automated campaign strategy generation based on micro-segment analysis, 2) LLM-powered content variant creation for different personas and segments, 3) Computer vision and GenAI for image recommendation and generation, 4) Real-time personalization engine with contextual triggers, 5) A/B testing framework with ML-based variant optimization, 6) Deep learning recommendation models for product suggestions, 7) Integration with mobile app SDK and CDP for seamless delivery","Digital Modernisation
Customer Engagement","Customer Digital
Customer Identity & Access Management
Customer Engagement
Marketing & Campaign Management",,,,,,"User profiles, app usage patterns, transaction history, location data, device information, micro-segment definitions, persona characteristics, image library metadata, campaign objectives, content guidelines, A/B test results, user feedback",,"Message strategies, campaign plans, personalized message content, message variants for sub-segments, image recommendations, generated custom images, UI/UX personalization rules, in-app notifications, dynamic content blocks, engagement predictions",,,,,,,,,,,,,
,,,,,,,,,,,,,,,,,,,,,,,,,,,,,,,,,
